collegeid,courseid,OC,BC,BCM,MBC,SC,SCA,ST
1,CE,189.75,188.5,186,186,183,152.5,171.5
2,AP,174,166.5,168,155.5,139,113.5,0
1,XM,176,169.75,163.5,158,138,0,0
2,CL,187,185,182,179,163.5,138.5,0
4,EC,193.5,192,190,190,183.75,173.5,161.5
1015,EC,127,99,0,93.5,106,107,0
1122,CS,148.5,134,114,112,98.5,139,0
1124,ME,102,0,0,0,0,0,0
1127,EC,81,0,0,0,0,0,0
1127,IT,126.5,104.5,87.5,0,106.5,0,0
1133,CE,82,0,0,0,0,0,0
1149,CE,98,0,0,0,0,0,0
1150,AG,87.5,80,0,86.5,82.5,0,107
1207,EC,106.5,80,88,80,80.5,103,0
1211,BT,165,151.5,132,116,113,0,86
1211,CB,169.5,165.5,149.5,142.5,106,0,0
1211,CH,164,148.5,140.5,128.5,115,0,0
1212,PE,94,0,0,0,0,0,0
1213,ME,82,0,0,0,0,0,0
1216,CH,125.5,97.5,0,103.5,100.5,0,119
1219,CS,189,186.5,178.5,178,144.5,113,141.5
1222,AE,101,85,0,80,80.5,87,0
1222,AU,84,0,0,0,0,0,0
1225,EC,122.5,97,81,87,98,0,0
1225,ME,105,80,90,80,82,95,0
1232,CS,80.5,0,0,0,0,0,0
1238,ME,80,0,0,0,0,0,0
1303,EC,84,0,0,0,0,0,0
1238,EC,104,81,0,84,82,103,0
4,AS,183.5,180,177,174.5,159,123.5,0
4,AE,192,190,185.5,185,179,166,0
1101,ME,86.5,0,85.5,0,0,0,0
1123,CE,95,0,0,0,0,0,0
1123,ME,80,0,0,0,0,0,0
1124,MR,141.5,140.5,0,113.5,125.5,0,0
1131,ME,141.5,110,112.5,92.5,106,0,0
1150,BM,83.5,0,0,80.5,81.5,0,0
1207,IT,111,83,96.5,90.5,85,0,0
1216,MD,118,87,109.5,85.5,93,94,0
1219,EE,179,175,169.5,166.5,124,104,0
1221,CS,100,0,0,0,0,0,0
1230,EE,109,85.5,0,90,0,0,0
1233,CS,150.5,131,102,86.5,107,0,0
1233,ME,105.5,80,0,88,0,0,0
1303,ME,87.5,0,0,0,0,0,0
1,MN,184,180,178.5,176.5,163.25,144.5,0
2,TX,173,165,159.5,164.5,142,133.5,139.5
1110,CS,124,101.5,0,94.5,89,0,0
1120,AU,79,0,0,0,0,0,0
1120,ME,114,89,94.5,93.5,80,0,0
1126,EC,79,0,0,0,0,0,0
1211,ME,151.5,132.5,108,121.5,96.5,112.5,0
1212,EE,87,0,0,0,0,0,0
1230,EC,89.5,80.5,80,80,80,0,0
1237,EC,115,81,108.5,93,0,0,0
1237,IT,129.5,123,112.5,107,0,0,0
5,CE,116.5,85,111.5,83,96.5,0,0
5,CS,139,106,81,115.5,112,107,0
1014,CS,130.5,113.5,104.5,118,100.5,0,0
1101,CE,97.5,0,92.5,85.5,0,0,0
1114,IT,130,118.5,124,102,89,0,0
1115,ME,80,0,0,0,0,0,0
1118,BM,176,152,149,148.5,131,0,0
1120,CE,107.5,0,0,0,0,0,0
1122,EC,131.5,115.5,0,92.5,83,89.5,0
1127,ME,80,0,0,0,0,0,0
1140,ME,82,0,0,0,0,0,0
1150,FD,80.5,0,0,0,0,0,0
1206,CS,84.5,83.5,0,80,0,0,0
1210,CS,173,167,153,150.5,118,87.5,109
1210,ME,135.5,110.5,92,90,90.5,112,0
1214,IT,92,0,0,0,0,0,0
1216,CE,87.5,0,0,0,0,0,0
1232,ME,80.5,0,0,0,0,0,0
1301,IT,104,91.5,99,0,0,0,0
1,MA,183,178.5,181.5,172,168.5,134.5,0
1,CS,198,196.5,197.5,194.75,190.25,0,171
1,IE,185,183,181.5,178,164.25,156.5,0
2,IS,190,184,180,172.25,163.75,138.5,0
4,AU,187.5,185,179,177.5,170,155.5,150
5,CZ,104.5,0,0,87.5,82,0,0
4,EI,190,188.5,187,185,170,143,0
5,EE,115,84,109,87,91.5,94,0
5,ME,120.5,82.5,94,94,104.5,86,0
5,MM,82.5,0,0,80,79,0,0
1106,AE,94,0,0,0,0,0,0
1101,CS,124,96.5,123,95,113.5,0,0
1110,IT,115.5,95.5,110,97.5,0,0,0
1115,EC,80,0,0,0,0,0,0
1114,CS,130,115,113.5,109,80,0,0
1115,EE,99,0,0,0,0,0,0
1116,CS,115.5,89,0,78,80,0,0
1116,EC,80,0,0,0,0,0,0
1121,EE,82.5,0,0,0,0,0,0
1122,CE,79,0,0,0,0,0,0
1123,IT,96,83.5,0,88.5,86.5,0,0
1150,ME,80,0,0,0,0,0,0
1210,EC,165.5,157,141.5,145,102.5,116.5,0
1212,AU,113.5,0,0,0,0,0,0
1212,ME,81,0,0,0,129,0,0
1213,IT,80,0,0,0,0,0,0
1217,BT,83.5,0,0,0,0,0,0
1218,ME,80,0,0,0,0,0,0
1219,IT,186,183,172.5,172.5,132,102,132.5
1219,ME,180.5,176.5,162,161,134.5,0,120
1226,ME,84,0,0,0,0,0,0
1231,EC,140.5,132.5,106,111.5,80.5,0,0
1232,CE,82,0,0,0,0,0,0
1234,CS,86,0,0,0,0,0,0
1234,IT,84.5,0,0,0,0,0,0
1301,EE,90.5,0,0,0,0,0,0
1303,EE,94,82.5,0,0,83.5,0,0
1304,AU,110,97,105,96,90,0,0
2,CH,190,188.5,187.5,184,176,174,134
1,EE,195,192,190,191.5,184.5,176.5,182.75
1014,XC,85.5,0,0,0,0,0,0
1106,EE,83,0,0,0,0,0,0
1106,TX,89,0,0,0,0,0,0
1110,EE,108,82,0,98,103,0,0
1112,CS,174,169,159,156,101.5,0,0
1114,ME,83.5,0,0,0,0,0,0
1121,CS,85,80,0,84.5,80,0,0
1123,CS,81.5,77.5,0,0,81,0,0
1133,ME,95.5,0,0,0,0,0,0
1137,CE,101.5,0,0,0,0,0,0
1137,ME,86,0,0,0,0,0,0
1149,ME,99.5,86.5,90.5,92.5,85,0,0
1207,BM,115,80,0,80,97.5,0,97
1202,CS,107,80,80,82,80,101,92.5
1210,EE,149,116.5,106,105,96.5,102,0
1212,BM,114.5,90.5,111,86.5,101,84.5,0
1216,EC,123.5,106.5,109,87.5,83.5,90,0
1219,BT,182,178,139.5,162.5,132.5,0,0
1222,IT,95.5,0,0,0,0,0,0
1225,EE,98,87.5,97.5,81.5,82.5,0,0
1229,CS,83,80,0,0,81,0,0
1231,CS,155.5,150,134,132.5,97,0,0
1238,CS,137.5,88.5,0,85.5,90.5,87,0
1304,CS,179,172,164,156,122,98.5,0
2,IB,190.75,187,182.5,179.75,166.5,149,0
2,PP,178.5,173,175,167.5,150,117.5,0
5,IT,125,83,80.5,88.5,93.5,106.5,0
1013,CS,150.5,133.5,122,121,109,84.5,103
1013,EC,140.5,109.5,104.5,108.5,98,105.5,0
1112,IT,167.5,162.5,157.5,143.5,108.5,0,0
1113,CE,144.5,120,114,97,110.5,0,0
1113,EC,178.75,172.5,157.5,160,123.5,0,114.5
1106,IT,79,0,0,0,0,0,0
1118,CS,152,145,132,129,117.5,103,0
1122,ME,107,82,88,91,89.5,90.5,0
1127,AE,114,97,0,89.5,96.5,94.5,0
1127,EE,80,0,0,0,0,0,0
1141,ME,80.5,0,0,0,0,0,0
1149,CS,160.75,148.5,150,131.5,104.5,82,0
1206,EC,98.5,0,0,0,0,0,0
1207,RM,81,80.5,0,0,79.5,121,0
1210,CE,94.5,0,0,0,0,0,0
1211,EC,170.75,163,147.5,149.5,104.5,119,111
1213,EC,80,0,0,0,0,0,0
1216,BM,158,140.75,155,126.5,112.5,89,0
1216,ME,93,80,87.5,83.5,80,0,0
1222,ME,87.5,0,0,0,0,0,0
1225,CS,141,114,99.5,109.75,116.5,89,0
1232,EE,83.5,0,0,0,0,0,0
1241,CE,95.5,0,0,0,0,0,0
1301,CS,125,98.5,117.5,93.5,108.5,0,0
1,ME,192.5,190.5,189.75,187.5,183.5,172.5,177
1,MI,187,183,184.75,179,179,162.5,0
4,CM,193,192,188.5,190,179,149,148
4,EM,191,190,186,185.5,173,144,143
5,CH,155,116.5,136.5,107,113,0,0
1026,EC,157,142.5,100.5,136.5,128,124.25,0
1110,EC,100.5,91.5,0,0,96.5,0,0
1110,ME,83,0,0,0,0,0,0
1113,EI,146.5,125.5,121.5,105,89.5,0,0
1112,EI,115,88.5,0,109,0,0,0
1133,CS,93.5,80,82.5,0,81,0,0
1137,EE,82,0,0,0,0,0,0
1140,IT,135.5,123.5,127.5,117.5,0,0,0
1202,EC,107.5,83,79,85,81.5,80,84.5
1210,IT,161,155.75,152,141,111.5,0,0
1211,BM,171,160.5,153,146.5,122,101,143.5
1211,CS,178,170,167.5,159.5,119,98.5,127
1212,CS,100,79.5,0,0,94.5,0,0
1217,EC,110.5,0,0,0,0,0,0
1221,EC,101.5,0,0,0,0,0,0
1222,CE,89.5,0,0,0,0,0,0
1226,EC,88.5,0,0,0,0,0,0
1229,EC,79,0,0,0,0,0,0
1230,AE,93,82,81,80,80,0,0
1230,ME,80,0,0,0,0,0,0
1301,EC,80.5,0,0,0,0,0,0
1303,CS,115.5,83,0,87,82,0,0
4,CS,194.5,193.25,190,191.5,184.5,190,165.5
2,CR,168,162.5,156,154,144.5,113.5,0
2,PM,179,173.5,175.5,167,150.5,143,124.5
1,GI,187.5,185.25,183,183.5,174,170.25,165
4,RP,178,171.5,169,163.5,144,124,131.25
5,EC,163,120.5,94,120.5,119,95.5,91
1015,CS,145,121,125.5,116,95.5,0,98
1026,EE,139.5,116,121,110,108.5,0,0
1112,EE,139,122.5,103.5,97.5,111.5,0,109
1113,IT,178,174,169,160,119.5,0,0
1118,ME,152,107.5,143,100.5,97,0,0
1122,BT,159.5,139.5,136,114.5,112.5,0,0
1217,EE,148,0,0,0,0,0,0
1219,CH,169,154,143,140.75,104,0,0
1219,MR,155.5,146.5,0,141.5,125,0,0
1229,ME,82.5,0,0,0,0,0,0
1230,CS,101,83,83,84,81,0,0
1243,ME,93,0,0,0,0,0,0
1301,CE,85.5,0,0,0,0,0,0
4,IM,190,190,187.5,185.5,170.5,143.5,146
1014,EC,116,93,98.5,87.5,94.5,122.5,0
1013,XM,101,0,0,0,0,0,0
1106,CS,80.5,80,0,0,79,100,0
1113,CS,183.5,179,169.5,168.5,131,128,106
1115,CH,104.5,0,0,0,0,0,0
1120,EE,128,100.5,118.5,93.5,92,0,0
1120,IT,157,151.5,143,125.5,93.5,0,0
1121,ME,80,0,0,0,0,0,0
1120,EC,154,143.5,114.5,125,85,0,0
1128,ME,150.5,134.5,118.5,115,88,0,0
1137,CS,147,101.5,0,106,103.5,122.5,0
1137,EC,146,98.5,0,102.5,98.5,0,0
1140,CS,152,141.5,124.5,118.5,90,0,0
1149,IT,148.5,143,136,118,80,0,0
1202,IT,117,82.5,80.5,80,80.5,115,0
1211,CE,116.5,87,0,94,87.5,0,0
1211,EE,149.5,124.5,86.5,111.5,87.5,88,0
1217,AU,84.5,0,0,0,0,0,0
1228,ME,148.5,0,0,0,0,0,0
1229,EE,91.5,0,0,0,0,0,0
1231,IT,144.5,135,118.5,117.5,80,0,0
1238,CE,85,0,0,0,0,0,0
1,CM,195,194,192.5,191.5,183,182,176.5
1,XC,175.75,169,172.5,162,148,160.67,0
4,MF,190,189.5,183.5,185,171,130,131
5,BD,117,92,106.5,80,80,0,0
1013,ME,127,81,91,103.5,81,98,0
1014,CE,87,0,0,0,0,0,0
1015,ME,102,94,0,83,98.5,93.5,0
1026,ME,145,124,98,117,100.5,92.5,101
1114,CE,80,0,0,0,0,0,0
1116,CE,81.5,0,0,0,0,0,0
1120,CS,166.5,158.5,137,144.5,100.5,110,118.5
1128,EC,152.5,142,136,117,82,0,0
1133,EC,80.5,0,0,0,0,0,0
1211,IT,169.5,162.5,153,150,115,88,0
1212,EC,85,0,0,0,0,0,0
1211,MC,161.5,147,158,146.5,107.5,0,0
1216,AG,143.5,83.5,0,99,117.5,0,0
1216,CS,155.5,145,131.5,133,83,0,108
1218,CS,80.5,0,0,0,0,0,0
1234,EC,110.5,0,0,0,0,0,0
1301,ME,92,0,0,0,0,0,0
2,LE,169,162.5,152.5,157,148.5,121,126
1,EM,193.33,191.75,191,189,179,154.5,170.75
1013,IT,138.5,108,0,122.5,98.5,0,0
1014,IT,116.25,87.5,94,110.5,89.5,0,0
1026,CS,168,150.75,149.5,152,135.5,98,102
1101,EC,113,96.5,112.5,0,82,0,0
1107,EC,84,0,0,0,0,0,0
1112,EC,168.25,157,141.5,138,101.5,0,0
1113,ME,166,153.5,131,143,108,0,0
1115,AU,121,0,0,0,0,0,0
1115,CS,93,81,0,0,0,0,0
1118,CE,115,80,0,103.5,80,0,0
1127,CS,99.5,79.5,0,80,80,0,0
1127,BT,85,82.5,0,92,84,0,0
1131,CS,150,131.5,116,120.5,90,0,0
1141,EE,83,0,0,0,0,0,0
1141,CS,81,0,0,0,0,0,0
1150,EC,82,0,0,0,0,0,0
1202,EE,79,0,0,0,93.5,0,0
1206,EE,90,0,0,0,0,0,0
1207,ME,110.5,83.5,0,79.5,80,0,0
1213,BM,112,95.5,0,93,85,101.5,0
1219,AU,168.25,159.5,151.5,117,91,0,0
1225,CE,158,0,0,0,0,0,0
1226,EE,84,0,0,0,0,0,0
1228,CS,93,0,0,0,0,0,0
1237,EE,114.5,0,0,0,0,0,0
1241,ME,78.5,0,0,0,0,0,0
1,BY,192,188,188,187.5,178.5,152,144.5
1,EC,196.75,195.5,195,193,191,179.5,186
5,AM,152.5,126.5,109.5,110.5,98.5,110.5,0
5,EI,81.5,0,0,0,0,98.5,0
1015,EE,106,102.5,105,81.5,84,0,0
1116,ME,80,0,0,0,0,0,0
1118,EC,165,139,116.5,116.5,109,0,0
1121,EC,80.5,0,0,0,0,0,0
1122,EE,111,85.5,0,80,82.5,0,0
1125,EE,86.5,0,0,0,0,0,0
1131,EE,137,89,89.5,86.5,100.5,0,0
1207,CS,111,83,0,81,83,91,80
1209,IT,80,0,0,0,0,0,0
1211,AE,160,148.5,151,142,119.5,96.5,0
1213,CE,88.5,0,0,0,0,0,0
1219,EC,186,182.5,175.5,174.5,140,86,140
1222,EE,91.5,0,0,0,0,0,0
1229,PD,92,0,0,0,0,92,0
1231,EE,97.5,0,0,0,0,0,0
1233,EC,149.5,96,84.5,101,115.5,0,0
1237,ME,82.5,0,0,0,0,0,0
1243,EC,80.5,0,0,0,0,0,0
1243,IT,79,77.5,0,0,0,0,0
1,PT,180.5,178,177,172,167,167.5,0
2,FS,186,183.5,176,173.5,170,139.5,147.25
4,PR,184,179.5,178.25,175.5,158.5,131.5,142
1101,EE,84.5,0,0,0,0,0,0
1110,CE,154,0,0,0,0,0,0
1113,EE,159,146.5,139.5,127.5,86.5,0,0
1114,EC,96.5,86,0,0,0,0,0
1116,EE,81,0,0,0,0,0,0
1123,EC,82.5,80,81,80,80,0,0
1123,EE,81,0,0,0,0,0,0
1128,EE,115,87,0,100,0,0,0
1149,EC,143,125.5,113.5,111,88,121,0
1202,ME,98.5,80.5,0,80,80.5,0,0
1206,IT,82.5,0,0,0,0,0,0
1211,AU,134,103.5,94.5,103.5,112,0,0
1211,FD,161,145.5,146,128.5,110,132.5,0
1213,CS,103,86,88.5,86.5,92.5,0,0
1216,EI,90.5,0,0,0,0,0,0
1217,BM,79.5,0,0,0,0,0,0
1222,CS,85.5,0,0,0,0,0,0
1222,EC,91.5,0,0,0,0,0,0
1226,CS,107.5,94,0,81,86.5,0,0
1228,BM,103.5,87.5,0,93,80,0,0
1231,ME,91.5,82,0,93.5,0,0,0
1237,CS,142.5,131,115.5,118.5,104.25,0,0
1238,EE,95.25,0,0,0,88.5,0,0
1241,CS,104.5,85.5,0,88,81.5,0,0
1241,EC,82.5,0,0,0,0,0,0
1241,EE,85.5,0,0,0,0,0,0
1101,IT,118.5,86.5,122.5,0,92,0,0
1106,ME,80,0,0,0,0,0,0
1110,BT,122.5,80,0,0,88,0,0
1106,EI,85.5,0,0,0,0,0,0
1118,EE,154,117,103.5,80.5,85,82,101
1120,EI,82,0,0,0,0,0,0
1122,CH,158.5,134,118,120,120.5,93,0
1122,IT,132,122,122.5,111.5,107.5,89.5,0
1123,AE,105,81,0,83,79,87.5,95.5
1126,CS,94.5,0,0,0,0,85,0
1126,ME,80,0,0,0,0,0,0
1127,CE,81,0,0,0,157.5,0,0
1128,CS,165,156.5,126.5,140,89,0,0
1131,EC,134.5,109.5,101,86,91.5,0,0
1133,EE,119.5,0,0,0,0,0,0
1140,EC,96,89,95,81.5,95,0,0
1140,EE,92,0,0,0,0,0,0
1206,ME,91.5,0,0,0,0,0,0
1213,EE,89.5,0,0,0,0,0,0
1216,EE,115,94.5,113,89,80.5,0,0
1216,IT,145,138,141.5,134,83.5,0,0
1218,EE,118,0,0,0,0,0,0
1217,CS,103,98,93,93.5,0,0,0
1228,IT,80,0,0,0,0,0,0
1229,IT,89.5,0,0,0,0,89.5,0
1232,EC,81.5,0,0,0,0,0,0
1232,IT,87,0,0,0,0,0,0
1238,BM,136,89,0,105,115.5,0,0
1243,CS,84.5,80,0,78.5,81.5,0,0
1304,CE,82.5,0,180.25,0,0,0,0
1,IM,192.5,190.5,189,188.5,177,155,181.25
1106,EC,113,0,0,0,0,0,0
1114,EE,84,0,0,0,0,0,0
1118,IT,147.5,135,119.5,118.5,109,85,117.5
1127,CH,92,80,0,0,90,0,0
1149,EE,83.5,0,0,0,0,0,0
1202,CE,82,0,0,0,0,0,0
1210,EI,92,0,0,0,0,0,0
1213,MC,105,0,0,0,0,0,0
1218,EC,81,0,0,0,0,0,0
1218,IT,80.5,0,0,0,0,0,0
1219,CE,156.5,131.5,151,117.5,112,0,0
1225,IT,125.5,106.5,117,100,107.5,108,0
1226,CE,80.5,0,0,0,0,0,0
1228,EC,94,0,0,0,0,0,0
1233,EE,130,96.5,100,106,116.5,0,0
1303,IT,96.5,89.5,95,89,80,0,0
1304,EE,136,113.5,122.25,90.5,100.5,121.25,0
1304,ME,131.5,103,93.5,88,82,0,0
1307,EC,86.5,80,0,0,0,0,0
1309,EE,150,140,131,97.5,100,91.5,0
1313,EC,81.5,0,0,0,0,0,0
1316,EC,90,85.5,0,83.5,80,0,0
1316,EE,87,0,0,0,0,0,0
1322,EC,78,0,0,0,0,88.5,0
1322,FD,98.5,87.5,0,81.5,87.5,0,0
1322,ME,80,0,0,0,0,0,0
1399,MC,181,170,173,159.5,134,0,121
1401,CE,87.5,0,0,0,0,0,0
1401,IT,139.5,101.5,0,85,133.5,0,0
1402,EC,81,0,0,0,0,0,0
1405,CS,130.5,88.5,87.5,98,98.5,0,0
1407,ME,80,0,0,0,0,0,0
1409,EC,101,0,0,0,0,0,0
1411,CS,77.5,0,0,0,0,0,0
1311,EI,83.5,0,0,0,0,0,0
1309,ME,154.75,123.5,126,100,81,0,0
1324,CS,159,146,128.5,132,83,0,0
1399,BM,163.5,142,147,140,98,121,0
1406,ME,80.5,0,0,0,0,0,0
1411,BT,80,0,0,0,0,0,0
1412,EC,80.5,0,0,0,0,0,0
1306,EE,84,0,0,0,0,0,0
1313,EE,109,0,0,0,0,0,0
1320,IT,115.5,89.5,107.5,93.5,105,0,0
1401,CS,114,83,0,93.5,95,0,0
1401,EC,94,0,0,84.5,93.5,0,0
1417,BT,87,81.5,0,84,83,88.5,0
1304,EC,166.5,154.5,139,133,81,0,0
1309,CS,181,176,168.5,164.5,141.5,123.5,0
1310,EE,139,0,0,0,0,0,0
1315,CE,183.5,179.5,171,173.5,159,138,0
1316,IT,127.5,80,0,89.5,85.5,0,0
1317,CH,164.5,152,118,135,80,0,0
1319,ME,97.5,0,0,0,0,0,0
1325,ME,101,81,0,82,79,0,0
1401,CH,99,0,0,86,0,0,0
1402,CS,88,0,0,80,79.5,0,0
1322,IT,101,80,89,80,93,82,0
1402,ME,91.5,0,0,0,0,0,0
1407,MR,118,0,0,0,0,0,0
1408,CS,116.5,82.5,102.5,80,88,0,0
1412,CS,100,81,82,83,81,77.5,0
1414,CS,154.5,132,138,122,80.5,0,0
1309,EC,168.5,154,145,140,118,99,126.5
1307,EI,80,0,0,0,0,0,0
1315,BM,188,183.25,181,177,151.25,148.5,0
1322,CE,91.5,0,0,0,0,0,0
1325,EC,99.5,80,82.5,82,82.5,0,0
1322,AG,105,80,0,85.5,90.5,89,0
1408,ME,81,0,0,0,0,0,0
1409,BT,129.5,95,82.5,90.5,80,0,0
1412,EE,99.5,0,0,0,0,0,0
1310,IT,113.5,99,0,88,95.5,0,0
1306,CE,108,0,0,0,0,0,0
1311,AO,148,118.5,134.5,100,87.5,0,0
1311,EE,81.5,0,0,0,0,0,0
1324,IT,150,140.5,122.5,115.5,107,0,0
1320,ME,102,92,0,0,92.5,0,0
1399,CS,179,171,157,148.5,107.5,0,129.5
1407,EE,97,0,0,0,0,0,0
1408,EE,82,0,0,0,0,0,0
1408,IT,102,94.5,94,86,98,87,0
1412,IT,82.5,0,0,80,98,0,0
1307,BM,137,101,0,96.5,104.5,0,0
1310,CS,134,112.5,112,88,84.5,0,0
1315,CH,187,184,179,177,150.5,88,0
1315,CS,193,191,188,187,170,149,163.5
1316,CH,124,111.5,0,91,0,0,0
1316,MU,80,0,0,0,0,0,0
1317,CE,122.5,91,0,89.5,82.5,0,0
1321,MN,168.5,158.5,157.5,150,124,115.5,0
1322,EE,87,81,0,80,80,0,0
1325,CS,116,86,0,97,89.5,0,0
1333,ME,79,0,0,0,0,0,0
1399,IT,168,156.25,156.5,148,100,0,0
1325,EE,105,80,0,80.5,91,0,0
1401,ME,82.5,0,0,0,0,0,0
1402,EE,79.5,0,0,0,0,0,0
1413,ME,80.5,0,0,0,0,0,0
1417,EE,94,0,0,0,0,0,0
1414,EE,90,87,0,0,0,0,0
1311,IT,134.5,127,126.5,116.5,83,0,0
1315,EE,190,188.5,182.5,181,157.5,128.5,147
1316,CE,83,0,0,0,0,0,0
1317,IT,174.5,167.5,158,150.5,112,0,0
1319,IT,141.5,0,0,0,0,0,0
1324,EE,148,121,0,113,0,0,0
1325,IT,109.5,80,97,81.5,81.5,80,105
1399,EE,166,149,131,125.5,84.5,0,0
1406,CS,81,0,0,0,0,0,0
1408,CE,80,0,0,0,0,0,0
1416,CS,81.5,81.5,0,0,0,0,0
1417,EC,96.5,0,0,0,0,97,0
1310,CE,86,0,0,0,0,0,0
1311,AU,83.5,0,0,0,0,0,0
1313,BM,127,89.5,0,80.5,112.5,0,0
1317,BT,171,161.5,158.5,142.5,150,0,0
1317,EE,157.5,137,0,97,91,0,117
1317,ME,148.5,124.5,121,118.5,86,0,0
1319,CS,80,0,0,0,0,0,0
1407,EC,91.5,0,0,0,0,0,0
1408,EC,84,0,0,0,0,0,0
1409,BM,125.5,89,103.5,96,98.5,0,0
1304,IT,168,157,158.5,134,110,0,0
1306,EI,119,0,0,0,0,0,0
1309,IT,168.5,160,168,149,128,98,0
1311,CE,95,0,0,0,0,0,0
1310,ME,108.5,81,0,0,85,0,0
1315,ME,189,186,178.5,179,157,106.5,156.5
1316,ME,81,0,0,0,0,0,0
1325,CE,80,0,0,0,0,0,0
1334,CS,111.5,0,0,0,0,0,0
1409,EE,85,0,0,0,0,83,0
1414,CE,87,0,0,0,0,0,0
1306,AE,170.5,148.5,0,145.5,127,0,0
1306,CS,157,150,137,134,101.5,0,0
1311,AE,151,119.5,149,90,108,0,0
1311,FT,83,0,0,0,0,0,0
1313,CS,82,0,0,0,0,0,0
1316,BM,128,95.5,0,100,104,0,0
1317,IC,97,0,0,0,0,0,0
1319,CE,84.5,0,0,0,0,0,0
1322,AE,90,0,0,81.5,82,0,0
1324,ME,126.5,89,116.5,88,108,0,0
1411,ME,80,0,0,0,0,0,0
1412,ME,80,0,0,0,0,0,0
1307,IT,121,81.5,0,102.5,82.5,0,0
1311,CS,145.5,131.5,128,122,84,0,0
1306,ME,89.5,0,0,0,0,0,0
1316,AO,106,88,105.5,0,0,0,0
1317,CS,183.5,179.5,166.5,171,139.5,92.5,111
1317,EC,176,170.5,156.5,158,105.5,113.5,0
1322,CS,99.5,79,87,83,83,0,0
1324,EC,157,147.5,108.5,121,137.5,0,0
1407,BM,136,80,0,114.5,111,102.5,0
1409,CS,98,91,0,0,84,121.5,0
1409,ME,82,0,0,0,0,0,0
1412,CE,90.5,0,0,0,0,0,0
1415,CS,85,0,0,0,84.5,0,0
1414,IT,126.5,108.5,0,101,100.5,0,0
1415,ME,80,0,0,0,0,0,0
1416,ME,80,0,0,0,0,0,0
1311,EC,125.5,101,113.5,90.5,99,100.5,0
1306,IT,144,135,128,115.5,83,0,0
1315,EC,190.5,190,184.5,184.5,164.5,156.5,137
1315,IT,190,189.75,183,183.5,161.75,134,148.75
1316,CS,122,81,0,79,80.5,81.5,0
1319,EC,151.25,0,0,0,0,0,0
1333,CS,82.75,0,0,0,0,0,0
1399,CE,132,106.5,124.5,109,87.5,0,0
1405,EE,105,0,0,101.5,93,0,0
1409,AU,136.25,0,0,0,0,0,0
1414,EC,123,89,104,86.5,108,0,0
1307,CE,81,0,0,0,0,0,0
1307,CS,128,82,108.5,103,78.5,0,0
1311,MC,93.5,92.5,0,0,0,0,0
1317,EI,86.5,0,0,0,0,0,0
1322,BM,118,91,94.5,91.5,95,0,0
1333,EC,85,0,0,0,0,0,0
1399,EC,179,167.75,138.5,145,83,100.5,0
1399,ME,158,139.5,122.5,123,100,0,0
1401,EE,87,0,0,0,0,0,0
1405,ME,113,85.5,106.5,84.5,88.5,0,0
1407,CS,80,0,0,80,0,103,0
1411,AE,90,0,0,0,0,0,0
1411,IT,83,80.75,82,80,0,0,0
1413,CE,126,0,0,0,0,0,0
1414,ME,111.5,87.5,0,90,0,0,0
1306,BT,159.5,153.5,0,154.5,145,0,0
1311,ME,90.5,0,0,0,0,0,0
1324,CE,131,112.5,0,85.5,103.5,0,0
1405,EC,116.5,93,0,83,81.5,0,80.5
1413,EE,82,0,0,0,0,0,0
1304,EI,115,88.5,99.5,91.5,111.5,0,0
1307,EE,80.75,0,0,0,0,0,0
1306,EC,149,130,120.5,116.5,99.5,0,0
1309,CE,140,103,0,107.5,101.5,0,0
1310,EC,83.5,0,0,0,0,0,0
1313,CE,84.5,0,0,0,0,0,0
1316,MC,116,79,0,101,97.5,0,0
1321,PA,171,162,153,153,132.75,131,112
1320,EC,107,80,0,0,0,0,0
1320,CS,127,116,82.5,102,78.5,0,0
1334,EC,83.25,0,0,0,0,0,0
1407,CE,83,0,0,0,0,0,0
1411,EC,90.5,0,0,0,0,0,0
1413,EC,107,80,0,82.5,82,0,0
1417,CS,81.5,0,0,0,80,0,0
1435,EC,87,0,0,0,0,0,0
1420,EE,81,0,0,0,0,0,0
1422,EC,148,125,115.5,102,90,0,107.5
1422,EI,99,0,0,0,0,0,0
1424,PE,111,80,0,0,0,0,0
1430,CS,92.5,83.5,90.5,82.5,81,0,0
1431,IT,95.5,80,0,0,80.5,95,0
1434,EC,94,0,0,0,0,0,0
1436,EC,80,0,0,0,0,0,0
1431,ME,82,0,0,79,80,0,0
1444,EC,80,0,0,0,0,0,0
1445,CS,82,0,0,0,0,0,0
1447,EE,101.5,0,0,0,0,0,0
1449,EC,101,0,0,0,0,0,0
1450,IT,174.5,169.5,174,153,147.5,98,0
1504,EC,90,0,0,0,0,0,0
1504,EE,87,0,0,0,0,0,0
1505,CE,87.75,0,0,0,0,0,0
1505,EC,85.5,0,0,0,0,0,0
1507,IT,116,86.5,0,81,116,0,0
1512,EE,87,0,0,0,0,0,0
1523,CS,108,80,103.5,80.5,84,0,0
1523,PE,85.5,0,0,0,0,0,0
1525,EC,93,0,0,0,0,0,0
2007,IM,187.5,187,179.5,181.5,154.5,134,146
2314,EC,130.5,80,0,80,80,129,0
2314,ME,95,86.5,0,81,83,89.5,0
2345,EC,113.5,81,82.5,93,86,81.5,0
2345,ME,97.5,81,97.5,81.5,80,0,0
2601,IT,141.5,116.5,105.5,121,81.5,92.5,0
1437,EE,144.5,0,0,0,0,0,0
1450,CS,185,178,173.5,175.5,148.5,102.5,0
1450,EE,171.5,166.5,158.5,146.5,127,0,0
1452,ME,80,0,0,0,0,0,0
1501,IT,101.5,85.5,0,0,92,0,0
1504,AU,94,0,0,0,0,0,0
1504,IT,102.5,80.5,95.5,84.5,99,0,0
1506,CS,149,0,0,0,0,0,0
1508,PD,81,0,0,0,0,0,0
1514,BT,81,0,0,0,0,0,0
1516,CS,168.5,158.5,158,158,138.75,146,0
1516,ME,141,123,116.5,118.5,109.5,90,122.25
1517,ME,80,0,0,0,0,0,0
1521,EC,92.5,0,0,0,0,0,0
1523,EE,81.5,0,0,0,0,0,0
2005,IT,187,186,180.5,182,165.5,174.5,144.5
2006,BY,186.5,183.25,188,177,153.5,130,0
2006,CM,194.5,193,189,187.5,176,154,164.5
2006,ES,184,182,173.5,174.5,155.75,127.5,91.5
2006,TT,175,171,157,152.5,135,87,0
2007,CN,174.5,170.5,163.5,160,139.5,107.5,0
2302,CS,128,90.5,0,100,82,122.5,0
2328,ME,115.5,87.5,0,89.75,0,89,0
2329,BM,81,0,0,0,0,0,0
2332,CS,95,0,0,0,0,0,0
2332,EE,82,0,0,0,0,0,0
2341,EE,87.5,82,0,82,79.25,0,0
2349,CS,98.5,0,96,0,0,0,0
2349,FD,80.5,0,0,0,0,0,0
2358,CE,82,0,0,0,0,0,0
2358,EE,84.5,0,0,0,0,0,0
2360,EE,91,0,0,0,0,0,0
2367,MC,86.5,0,0,0,0,0,0
2601,EE,106,79,0,86,80,98.5,0
2601,CS,131,115,96,113.5,93,99,0
1422,MD,91.5,0,0,0,0,0,0
1419,EC,172,161,137.5,134.5,82,123,0
1426,IT,82.5,80,0,0,80,0,0
1426,ME,78.5,0,0,0,0,0,0
1434,CS,80.5,0,0,0,0,0,0
1501,ME,80,0,0,0,0,0,0
1504,EI,91.5,0,0,0,0,0,0
1417,ME,80,0,0,0,0,0,0
1507,EE,112,0,0,0,0,0,0
1509,IT,97.5,80,80,80,87,86.5,0
1508,ME,99,82.5,0,87,94.5,0,0
1512,IT,87.5,0,0,0,0,0,0
1517,EC,121.5,0,0,0,0,0,0
1517,IT,119,0,0,0,0,0,0
1518,AU,79,0,0,0,0,0,0
1519,CE,89,0,0,0,0,0,0
1519,CS,99.5,0,0,84.5,83.5,84,0
1519,EE,81,0,0,0,0,0,0
1519,ME,80,0,0,0,0,0,0
2005,PR,175,170.5,155.5,165.5,132.5,127,118.5
2005,EE,186.5,185.5,181.5,181.5,168.5,168.5,143
2007,EC,189.5,188.5,188,184.5,166,155,157
2007,MF,183.5,180.5,177.5,172.5,145.5,118,0
2025,EC,176.5,171.5,146.5,167.5,153.75,148.5,0
2338,ME,83.5,0,0,0,80,0,0
2342,EC,116.5,90.5,0,88.5,88.5,98.5,0
2354,EC,80,0,0,0,0,0,0
2356,ME,81,0,0,0,0,0,0
2602,ME,80,0,0,0,0,0,0
2603,EC,165.5,156,148,156,131.5,114.5,0
1420,AE,85.5,0,0,0,83,94,0
1441,ME,82.5,0,0,0,0,0,0
1445,EC,83.5,0,0,0,0,0,0
1503,ME,89,0,0,0,0,0,0
1504,CH,119.5,91.5,0,100.5,0,0,0
1507,CS,93.5,90,0,89,80,0,0
1512,EC,84.5,0,0,0,0,0,0
1513,EC,80,108,0,0,0,0,0
1517,CE,88,0,0,0,0,0,0
1517,EE,84.75,0,0,0,0,0,0
1605,EC,95.5,0,0,107,87,0,0
2006,MF,189.5,189,181.5,180.5,165,171.5,136.5
2006,MS,184.5,182,177.5,170.25,142,147,0
2006,PR,180,178,178.5,170,157.5,129,0
2007,CE,183,178.5,173,170,157.75,142,0
2007,CL,182,181,0,172,153.5,0,0
2007,EY,185.5,184.5,180,178.5,149,127,120
2328,EC,128.5,113.5,0,83,0,0,0
2342,CS,103.5,82,0,87,86.5,92,102
2349,ME,80.5,0,0,0,0,0,0
2355,EE,81.5,0,0,0,0,0,0
2356,EE,80,0,0,0,0,0,0
2377,EC,188,187,182,181,158.5,138.5,0
2603,CS,171,162.5,156,161.25,129,137,0
1430,ME,84.5,0,0,0,0,0,0
1420,ME,83,0,0,0,0,0,0
1431,CS,103.5,82,0,82.5,82,0,0
1435,CS,91.5,0,0,0,0,0,0
1436,EE,109,0,0,0,0,0,0
1441,CE,79.5,0,0,0,0,0,0
1445,EE,85.5,0,0,0,0,0,0
1447,IE,91,0,0,0,0,0,0
1449,CS,80,0,0,78,0,0,0
1449,ME,80,0,0,0,0,0,0
1504,CS,123,87,109.5,82.5,97.5,0,0
1450,ME,161.5,150.5,155,119,116.5,0,0
1519,EC,86.5,82,0,0,82.5,0,0
2005,EI,182,180.5,178,174.5,151,155,113.5
2006,BS,189,185.5,182,179.5,155.5,163.5,0
2006,CN,185.5,184,165,176,156.5,137,0
2007,EE,187.5,186.25,182.5,182.5,161.5,137,0
2302,AG,103.5,80,0,80,96.5,94.5,0
2341,CS,89.5,86,0,80,78.5,85,0
2345,CE,80.25,0,0,0,0,0,0
2346,CS,89,0,0,0,86.5,88.5,0
2346,EE,79.5,0,0,0,0,0,0
2347,ME,90.5,80,0,80.5,79.5,85.5,0
2354,ME,88,84,0,82.5,80,86,0
2355,CE,89.5,0,0,0,0,0,0
2601,ME,87,79,0,80,81,0,0
2602,MD,87,0,0,0,0,0,0
2603,EE,158,150.5,135,147.5,123.5,105.5,124
1422,CS,158,150,143.5,136,102,87,0
1427,FT,104,0,0,0,0,0,0
1434,EE,96.5,0,0,0,0,0,0
1441,CS,92,80,0,82.5,84.5,85.5,0
1447,ME,97,0,0,0,0,0,0
1504,ME,83.5,0,83,0,0,0,0
1509,CS,123,103,102,80.5,98,91.5,0
1510,CE,85,0,0,0,0,0,0
1520,CE,95.5,0,0,0,0,0,0
1523,IT,111.5,77.5,84.5,97,81.5,90,0
1524,CS,85,0,0,0,0,0,0
2006,AS,180.75,178,172,173.5,144,114,0
2007,EM,188,187.5,183,182.5,153,143,123.5
2314,EE,97,0,0,91.5,95,94,0
2329,IT,88.5,80,0,87.5,84.5,82.5,88
2346,CE,81.5,0,0,0,0,0,0
2354,CE,80.5,0,0,0,0,0,0
2367,ME,81,0,0,0,0,0,0
2367,CE,83.5,0,0,0,0,0,0
1417,IT,98.5,0,0,0,82.5,86.5,0
1415,EE,107.5,0,0,0,0,0,0
1419,IC,150,132.5,125.5,118.5,0,0,0
1421,EE,81,0,0,0,80.5,0,0
1422,EE,97,87,0,0,80,0,0
1422,IT,148,137,133,116.5,103.5,0,100
1424,EE,100,0,0,0,0,0,0
1432,ME,80.5,0,0,0,0,0,0
1504,BT,108.5,89.5,0,96.5,89.5,0,0
1510,EE,78.5,0,0,0,0,0,0
1513,EE,80,0,0,140.5,0,0,0
1517,CS,80.5,0,0,0,0,0,0
1518,IT,80,0,0,0,0,0,0
1518,EC,79,0,0,0,0,0,0
1529,CS,124,0,0,0,0,0,0
2006,PN,178,176.5,175.5,168.5,139.5,114,0
2006,PS,172.5,168,163.5,154,120,103,0
2006,RA,189,186,179.5,175.5,152,134.5,88.5
2007,CH,184.5,182,180.5,177,164,164,0
2007,ME,186.5,184.5,178.5,178,157,149,135.5
2314,CS,120.5,80,0,81.5,92.5,93,101.5
2327,CS,96.5,86.5,93.5,81,80.5,90,0
2328,EE,117,94.5,0,92,91,113.5,0
2338,EC,80,0,0,0,0,0,0
2345,EE,97,89,85,81,0,84.5,0
2369,ME,136,114.5,149,121,104,88,0
2602,EC,101,0,0,0,0,0,0
2603,ME,153,141.5,140,141,116.5,113.5,0
1420,CS,95,80,0,80.5,80,0,0
1426,EC,78.5,0,0,0,0,0,0
1432,EC,123,81,114.5,97.5,85.5,0,0
1437,IT,79.25,0,0,0,0,0,0
1445,ME,84,0,0,0,0,0,0
1452,CS,125.5,80,117,81.5,79,99,87
1501,CS,108,88.5,0,96.5,0,0,0
1505,CS,115.5,87.5,105.5,80,84.5,0,0
1506,EC,90,0,0,0,0,0,0
1509,ME,83,0,0,0,0,0,0
1510,CS,80,0,0,0,0,106.5,0
1510,EC,86,0,0,0,0,0,0
1514,CE,108.5,0,0,0,0,0,0
1525,CS,84.5,82.5,79.5,82,83,80,0
1525,EE,82,0,0,0,0,0,0
1526,CS,80,0,0,0,0,0,0
1529,ME,83,0,0,0,0,0,0
2006,MT,181.5,177.5,170,173.5,148.5,142.5,0
2025,CS,179.5,175.5,172,171.25,150.5,146.5,174.5
2314,AG,119,82.5,0,81,87.5,99.5,0
2341,ME,79,0,0,0,78.5,0,0
2347,CE,90.5,82,0,81,82,89.5,0
2355,ME,80,0,0,0,0,0,0
2356,CE,80,0,0,0,0,0,0
2349,EC,80,0,0,0,0,0,0
2369,EE,144.5,115.5,108.5,130.5,110,118,130.5
2606,EE,86.75,0,0,0,0,0,0
1421,CE,91.5,0,0,0,0,0,0
1431,EC,79.5,0,0,0,0,0,0
1442,CS,106.5,88.5,0,81,86,0,0
1444,CE,109,0,0,0,0,0,0
1452,EE,93,0,0,0,0,0,0
1501,EC,82,0,0,0,0,0,0
1504,CE,85,0,0,0,105,0,0
1506,CE,87.75,0,0,0,0,0,0
1509,EI,134.5,0,0,0,0,0,0
1516,EE,152,142,112.5,135,116.5,90.5,98
1605,IT,84.5,0,0,0,0,0,0
2006,TX,182,179,175,163,146.5,107,0
2007,CS,190,189.5,184.25,186,167,164.5,157
2302,EC,127,84,0,90.5,92.5,107,0
2349,BM,99,88,93.5,0,83.5,0,0
2357,EE,113,83.5,88,80,108,100,0
2360,ME,82,0,0,0,0,0,0
2606,CS,86,0,0,0,0,0,0
1419,PR,143.5,120.5,113,113.5,0,0,0
1420,CE,100.5,0,0,0,0,0,0
1439,ME,80,0,0,0,0,0,0
1452,CE,90.5,0,0,0,0,0,0
1508,EE,93,80,80.5,0,83.5,0,0
1514,ME,90,0,0,0,0,0,0
1516,CE,141.5,115,133,122,121,102.75,0
1518,ME,81,0,0,0,0,0,0
1523,AU,92,0,0,89,0,0,0
1523,CE,81,0,0,0,0,0,0
1523,EC,80.5,0,0,0,0,0,0
2006,EE,191.5,190,184.5,187.75,178.5,164.5,146.5
2006,EC,195.5,193.5,189,191,180.25,179,158.5
2006,IM,191,190,184.5,185,163,143.5,160
2025,ME,166.5,156.5,162,150.5,134.5,107,0
2302,ME,86,0,0,0,0,106.5,0
2327,CE,96.5,95.5,0,0,0,0,0
2338,CE,79.5,0,0,0,0,0,0
2341,CE,82.5,0,0,0,0,0,0
2342,ME,82.5,0,0,0,81.5,83.5,0
2343,HT,174.25,159.5,163.5,160,131.5,141.5,0
2357,CS,149.5,111,108.5,89,82,125,0
2601,CH,117,86,0,88,105,0,0
1422,ME,88,82,0,80,0,0,0
1421,ME,78.5,0,0,0,0,0,0
1424,ME,81,0,0,0,0,0,0
1430,EE,81,0,0,0,0,0,0
1432,CS,148.5,137.5,134,120,92.5,0,0
1434,AU,80,0,0,0,0,0,0
1437,CE,85,0,0,0,0,0,0
1441,EE,87,0,0,82.5,80,0,0
1447,IT,93,81.5,0,0,0,0,0
1503,BT,87,0,0,0,0,0,0
1508,CS,113,95,90,80,86.5,0,0
1509,EE,89.5,0,0,0,0,0,0
1505,EE,84,0,0,0,0,0,0
1512,CS,87,0,0,0,0,0,0
1515,ME,98.5,0,0,0,0,0,0
1516,EC,162.5,151.5,122.5,148,120,83,139
1518,CE,83,0,0,0,0,0,0
1520,IT,101.5,80.5,97,0,0,0,0
1524,EC,109.5,0,0,0,0,0,0
1605,EE,83,0,0,0,0,0,0
1605,CS,101,88,0,97.5,87,94.5,0
2006,EM,192.25,191.5,187.5,186.5,172,159.25,155
2006,FY,177.5,169.75,169.5,144,111,0,88
2006,ME,192,190,187,185.5,176,192,136.5
2007,CM,189.5,188.5,182,183.5,160,134,0
2329,CS,91.5,82,82,0,0,82,0
2342,CE,84,0,0,0,78.5,0,0
2346,ME,83.5,0,0,0,0,0,0
2347,EE,94.5,0,80,0,85.5,92,80.5
2358,EC,105.5,0,0,0,0,0,0
2369,CS,159,147,115.5,146.5,126,102.5,0
2601,CE,80,0,0,0,0,0,0
2606,ME,95,0,0,0,0,0,0
1419,EE,156,134.5,115,118.5,98.5,134,0
1419,IT,164.5,153.5,141.5,140.5,80,134,0
1426,CS,80,0,0,0,0,0,0
1439,CS,80,0,0,0,0,0,0
1450,EC,178,177,169.5,165.5,148.5,109,0
1452,EC,91.5,0,0,0,0,0,0
1503,EC,88.5,0,0,0,0,0,0
1505,ME,80,0,0,0,0,0,0
1507,ME,79.5,0,0,0,0,0,0
1508,AG,143,104.5,142.5,114,88.5,0,0
1513,CE,101.5,0,0,0,0,0,0
1513,ME,85,0,0,80,0,81,0
1520,EE,137.5,0,0,0,0,0,0
1521,CE,79.75,0,0,0,0,0,0
1521,CS,88,86,0,80.5,80,0,0
1521,ME,91,90.5,0,96,0,0,0
1524,EE,95.5,0,0,0,0,0,0
1525,ME,80.5,0,0,0,0,0,0
2005,IB,177,169.5,153.5,155.5,135.5,152,0
2006,CE,188.5,186.5,175.5,181.5,170,181,0
2025,EE,169,161,153,153,140,153.5,135
2338,CS,88,102.5,0,0,78,85.5,0
2338,EE,83.5,0,0,0,80,0,0
2345,CS,131.5,91,93.5,107.5,81,99,0
2346,EC,86.5,0,0,0,0,0,0
2354,CS,101.5,81,96,80,0,96,0
2358,CS,90.5,0,0,0,0,0,0
2601,BM,145,127,149.5,125.5,87.5,95,0
1422,CE,83,0,0,0,0,0,0
1419,CS,182.5,170.5,158,158.5,114,0,0
1428,EE,143,0,0,0,0,0,0
1431,CE,88.5,0,0,0,0,0,0
1431,EE,82.5,0,0,0,0,0,0
1441,EC,87,0,0,0,82,0,0
1505,AE,91.5,0,0,0,0,0,0
1515,CS,81.25,0,0,0,0,0,0
1518,AE,80,0,0,0,0,0,0
1518,EE,83,0,0,0,0,0,0
1518,CS,85.5,80.5,0,83,78.5,0,0
1519,IT,90.5,0,0,80,80.5,0,0
1521,EE,80,0,0,0,0,0,0
1524,ME,77.5,0,0,0,0,0,0
1525,CE,78.5,0,0,0,0,0,0
2005,CS,190,188.5,185.5,185.5,174,179,0
2327,EC,90,81,0,80.5,81,85,0
2327,EE,78,0,0,0,0,0,0
2355,CS,96,84.5,0,86.5,80.5,90,0
2356,CS,88.5,0,0,0,82.5,81,0
2356,EC,80,0,0,0,0,0,0
2369,EC,150.5,135.5,113.5,140,115.75,123.5,0
2601,EC,113.5,83.5,0,85.5,84.5,90,0
2606,EC,86.5,0,0,0,0,0,0
1424,EC,81,0,0,0,0,0,0
1430,EC,90,0,0,0,81,89.25,0
1436,CS,130.5,0,0,0,0,0,0
1444,ME,81.5,130,0,0,0,0,0
1501,CE,87.5,0,0,0,0,0,0
1503,CH,155.5,0,0,0,0,0,0
1505,IT,106,82,98.5,97,80,0,0
1507,EC,95.5,0,0,0,0,0,0
1509,EC,82,0,0,0,0,89,0
1510,ME,82,0,0,0,0,0,0
1513,CS,86,85.5,0,0,84.5,85.5,0
1513,IT,87.5,0,0,80,81.5,0,0
1518,EI,82,0,0,0,0,0,0
1520,CS,103.5,80.5,99.5,83,84.5,0,0
2005,EC,189,187.25,183.5,184,173.5,168.5,0
2005,CE,178,173.5,165,166,148,138,123.5
2328,CS,128.5,108,115.5,101,93.5,91,0
2328,IT,118.5,87.5,110,104.5,86.5,97.5,0
2341,EC,90,84.5,0,80.5,79,84.5,83.25
2350,ME,95,0,0,0,0,0,0
2357,ME,116,91,103.5,81,105.5,111.5,0
2358,ME,158,0,0,0,0,0,0
2377,CE,174.5,171.5,159,162,144.5,158,113
2377,CS,190,188.5,182,183.5,165,159,0
2369,CE,133,103,0,111.5,98.5,99.5,100.5
2367,EC,88.5,0,0,0,0,0,0
2601,BT,129,91,122.5,102,105.5,0,0
1419,CE,144,117,127,88.5,115.5,0,0
1419,ME,150,119.5,124.5,98,82,0,86.5
1419,EI,147.5,121.5,124,106,88,0,0
1420,EC,87.5,0,0,0,0,0,0
1421,CS,97,80,82.5,81,87,0,0
1420,IT,92,85,0,0,84,0,0
1421,EC,84,0,0,0,80.5,0,0
1427,IT,102,0,0,0,0,0,0
1434,ME,82,0,0,0,0,0,0
1436,ME,92.5,0,0,0,0,0,0
1442,BM,82.5,0,0,143.5,0,0,0
1444,CS,78,0,0,0,0,0,0
1447,EC,94,0,0,0,0,0,0
1501,EE,83.5,0,0,0,0,0,0
1509,CE,81,0,0,0,0,0,0
1512,ME,80,0,0,0,0,0,0
1520,EC,87.5,0,0,0,0,0,0
1523,ME,80,0,0,88,97.5,0,0
2005,ME,182,179.5,175,173.75,151.5,156,152.5
2006,MY,178,174.5,162.5,169.5,136,0,0
2327,ME,87.5,79,0,0,83.5,81.5,0
2329,EC,87.5,0,0,0,0,0,0
2329,ME,88,0,0,0,0,0,0
2347,EC,104.5,82,0,80.5,87.5,93,0
2357,IT,116,105.5,103.5,84.5,107.5,102,0
2360,EC,81,0,0,0,0,0,0
2602,CS,98,0,0,0,0,0,0
1422,AG,133.5,83,122,102,83.5,0,0
1424,CS,87.5,77.5,84,81,79.5,0,0
1424,CE,80.5,0,0,0,0,0,0
1430,CE,81,0,0,0,0,0,0
1434,AE,115,0,0,0,0,0,0
1437,CS,80,0,0,0,0,0,0
1437,EC,95.5,0,0,0,0,0,0
1437,ME,85.5,0,0,0,0,0,0
1438,CS,92,0,0,0,0,0,0
1413,CS,146.5,101.5,130.5,114,96.5,118.5,0
1520,ME,80.5,0,0,0,0,0,0
2006,IY,184,181,183.5,171.5,142.5,119,0
2342,EE,96,83,0,81,82,86,95
2347,CS,114,79,95.5,83.5,89,96,0
2355,EC,92,0,0,0,84,86.5,0
2357,EC,151.5,116,94.5,80,113.5,92,0
2357,CE,94.5,80,84,88,0,90.5,0
2360,MC,84,0,83.5,0,0,0,0
2367,CS,94.5,0,0,0,0,0,0
2377,EE,184,182,180,176.5,162,121,151
2377,ME,182,179,178.5,172,147,165,0
2606,AE,112.5,0,0,0,0,0,0
2607,BT,138.5,113,0,102,118.5,118,0
2607,MC,120.5,96,86.5,85.5,89.5,85,0
2610,MD,80,0,0,0,0,0,0
2611,BM,129.5,95.5,106,103,115.5,121.5,0
2611,EC,115.5,90,98,80,87.5,84,0
2612,EE,107,0,0,0,0,0,0
2608,CE,123,97,0,88,98.5,0,0
2609,EI,84,0,0,0,0,0,0
2610,CS,130,100.5,86.5,99,80,81,92.5
2610,EE,108,80,98.5,80.5,107.5,90.5,103
2607,CS,143,132,97,117.5,88,83,0
2610,CH,80,0,0,0,0,0,0
2610,IT,120.5,97,110.5,86,80,102.5,98.5
2612,CS,81,0,0,0,0,0,0
2611,EE,99.5,79.5,0,84,97.5,0,0
2613,AU,94,82.5,0,80,0,0,0
2611,AG,115,85,0,89,91.5,99,0
2607,ME,103,80,92,82,85.5,0,0
2611,ME,103,80.5,87.5,87.5,81,86,0
2611,IT,127,108,125.5,110,91.5,115,92
2609,CE,86,84.5,0,81,78.25,84.5,0
2607,TX,122.5,110,0,94.5,0,0,0
2609,ME,104.5,80,82.5,81,82,85,0
2611,AE,108,83,87.5,90.5,84,107.5,0
2608,EC,134.25,116.5,111,81.5,106.5,0,0
2609,AG,122.5,83.5,92.5,93,101,83.5,0
2609,FD,87.5,0,0,0,0,0,0
2611,CE,86,0,0,78.75,0,0,0
2611,CH,121.5,82,0,83.5,80,97,0
2611,FD,103,82,84,99,86,92.5,0
2607,CE,98.5,0,0,0,0,0,0
2610,BT,112.5,84.5,81,107,100,94.5,0
2610,EC,131,93.5,109.5,91,81,94.5,90.5
2612,EC,100.5,0,0,0,0,0,0
2608,IT,144,131,103,121,123,113,0
2609,CH,81,0,0,0,0,0,0
2611,CS,129,111,91,106,80,81,92
2611,MC,104,80,87.5,81.5,80,85,0
2607,IT,131.5,117,97,110.5,92.5,0,0
2609,EC,119,83,86,80,81.5,95,0
2609,EE,101,80,87.5,80,80,87.5,0
2607,EC,124,106,95.5,82.5,0,0,0
2608,CS,155,141.5,101.5,127.5,88.75,97,0
2608,EI,111,84.5,0,82,0,0,0
2609,CS,126.5,110,107.5,104.5,89,85,0
2611,MD,93.5,0,84,80,80.5,0,0
2609,MC,100,81.5,0,87.5,85,95.5,0
2612,ME,78.5,0,0,0,0,0,0
2607,EE,88.5,100.5,84,0,0,0,0
2608,ME,122,88.5,85,81,88.5,116.5,114
2609,AE,119,89.5,0,81,104.5,109.5,0
2609,PH,87,0,0,0,114.5,0,0
2610,CE,85,0,0,0,80,0,0
2611,PH,105,83,0,86.5,87,88,0
2613,CE,86.5,0,0,0,0,0,0
2609,MU,89,89,0,88,82,82,0
2607,FD,131.5,89,112.5,81.5,82.75,101.5,0
2601,EI,87,0,0,0,0,0,0
2601,AE,80,0,0,0,0,0,0
2607,NS,86,0,0,0,0,0,0
2608,EE,135.5,116,118,83.5,99.5,0,0
2609,IT,109.25,81,80,91.75,95.5,95.5,0
2610,BM,116,85.5,97.5,85,94.5,88.5,0
2610,ME,101,78.5,80,87,84.5,83,93.5
2615,ME,174,166.5,163.5,164,136,121,150.5
2614,EE,80,0,0,0,0,0,0
2617,EC,92,0,0,0,0,0,0
2621,IT,112.5,84,93,80.5,86,102,0
2623,CS,94.5,84.5,0,82.5,80,88,0
2623,EE,95.5,88.5,86,0,80,0,0
2633,EC,91.75,0,0,0,0,0,0
2636,CE,91,88.5,0,80,80,83,0
2639,CE,84.5,0,0,0,0,0,0
2641,EE,91.5,0,0,78.5,84.5,0,0
2642,EC,101,80,85.5,79,81,124,0
2651,EE,84.5,0,0,0,0,0,0
2659,ME,78.5,0,0,0,0,0,0
2664,ME,116,0,0,0,0,0,0
2665,PD,103,80,87,83.5,78.5,87.5,0
2614,TC,121,87.5,0,87,104.5,0,0
2704,CE,145,87,126,92.5,80,90,0
2617,CS,81,0,0,0,0,0,0
2705,EE,85.5,0,0,0,0,0,0
2705,IT,82,0,0,0,0,0,0
2623,BM,117.5,90,101.5,82,105,82.5,0
2710,AU,92,0,0,0,0,0,0
2624,CE,81,0,0,0,0,0,0
2710,ME,97,80,0,83,92,82.5,0
2627,CE,80,0,0,0,0,0,0
2712,BT,180.25,178,162,170.5,137,0,0
2630,CS,120,80,0,79.5,82,100.5,0
2719,RM,151,132.5,113.5,106,80,0,0
2632,EC,106.5,81.5,98.5,84,85.5,103.5,0
2722,ME,134.5,120,91,92.5,95,0,0
2639,EE,96.5,90,0,81.5,0,0,0
2725,ME,102,81,0,99,0,94.5,0
2646,CE,84,0,0,0,0,0,0
2726,EI,101,84.5,0,91.5,0,0,0
2647,CS,106,80,0,81,96.5,96,0
2648,EE,80,0,0,0,0,0,0
2657,EC,80,0,0,0,0,0,0
2666,CH,89.5,0,0,0,0,0,0
2702,CB,164,159,163,131,90,0,0
2705,EC,82.5,0,0,0,0,0,0
2706,EE,135.5,117.5,92,97,114.5,89,0
2706,PR,97,0,0,0,0,0,0
2708,EI,106,99.5,0,0,0,0,0
2708,IT,132.5,120.5,120,106,95.5,0,103.5
2708,ME,101.5,84.5,93.5,79.25,86,0,0
2709,AU,133.5,104.5,0,97,0,110,0
2710,CE,99,80,0,80.5,82,0,0
2711,AU,135,117,87.5,102,104.5,0,0
2711,EC,175,171,151,148,89.5,97,0
2713,EC,80,0,0,0,0,0,0
2727,EC,133,116,98.5,99,84.5,80,0
2729,AE,128,94,100,80.5,80.5,117.5,0
2630,EC,96,82,0,81,80,91,0
2615,EC,183.5,182.5,162.5,178.5,153.5,162,0
2632,IT,117.5,83.5,0,80,95.5,91.5,0
2633,EE,80,0,0,0,0,0,0
2639,ME,80,0,0,0,0,0,0
2641,ME,90,83.5,0,79,78,0,0
2647,EE,80,0,0,0,0,0,0
2650,CS,115,84.5,113,89.5,88.5,109,0
2651,CE,91,0,0,0,0,0,0
2651,ME,82.5,0,0,0,0,0,0
2658,EE,90.5,0,0,0,0,0,0
2683,BM,105.5,87.5,97.5,102,80,0,102
2683,CS,86,0,0,0,0,0,0
2702,BT,161,148.5,134,122.5,99.5,130.5,115
2704,IT,158,148,152.5,133,120,89.5,0
2707,CE,90.5,82.5,0,0,82.5,86.5,0
2707,ME,103.5,82,0,94,81,97.5,0
2708,FD,116,98.5,111.5,92.5,0,0,0
2712,FT,157,150.5,137.5,127,95.5,129.5,0
2715,ME,108.5,80.5,83.5,87,82,92,0
2718,MC,166,159.5,162,137,87,0,103
2719,CE,131,120.5,111.5,99.5,95,0,0
2719,EI,144.5,136,102,111.5,0,0,0
2721,CS,117,80.5,0,96.5,108.5,0,0
2721,EC,100.5,86,0,98,0,0,0
2725,CE,86,0,0,0,0,0,0
2618,BM,143,128,134.5,125.5,90.5,136,0
2618,CS,165.5,158.5,136.5,146,83.5,99.5,0
2618,FT,128,92,93.5,81.5,83,94,0
2625,EC,83,0,0,0,0,0,0
2628,CS,98.5,80,0,81,80,95,97
2632,BM,136.5,100.5,111,119,118,124.5,0
2634,CE,86,0,0,0,0,83,0
2643,EE,82.5,0,0,0,80,0,80
2648,CE,80.25,0,0,0,0,0,0
2650,EE,91,80,0,87.5,80.5,84,0
2652,ME,79,0,0,0,0,0,0
2653,CE,81,0,0,0,0,0,0
2658,CE,95.5,0,0,0,0,0,0
2673,CS,115,85.5,0,80,80,98,90.5
2711,MC,155.5,142.5,130.5,114.5,85,0,0
2715,CH,116.5,87,92.5,80,108,0,0
2716,BM,116.5,93,0,92,110,0,0
2719,IT,164.5,161,134.5,141,80.5,82.5,0
2721,AU,93.5,0,0,0,0,0,0
2721,ME,80,0,0,0,0,0,0
2722,EE,148,132.5,97,98.5,84.5,0,0
2722,IT,166,162.5,142,141,83,89,0
2723,IT,141,126,91.5,105,96,127,0
2726,AU,88,80.5,0,0,0,0,0
2726,MC,137.5,126.5,0,103.5,123,0,0
2727,BM,136.5,108.5,112.5,91.5,82,0,0
2727,CE,102,82,96,80,83,99.5,0
2615,EE,180.5,178,173.5,175.5,155,159.5,128
2614,ME,85,0,0,0,0,0,0
2615,MT,174,169,162,165,133,155,109.5
2617,ME,80,0,0,0,0,0,0
2623,EC,84.5,81,0,0,80,82,0
2624,ME,88,0,0,81.5,80.5,83,0
2625,EE,82,0,0,0,0,0,0
2625,ME,80.5,0,0,0,0,0,0
2629,MD,125,80,99,84.5,84.5,112.5,0
2639,IT,80.5,0,0,0,0,106,0
2648,ME,83,0,0,0,0,0,0
2652,CS,95.5,93.5,0,94.5,91.5,91.5,0
2665,AE,88.5,0,0,78,80,84.5,0
2683,ME,79.5,0,0,0,0,0,0
2702,EC,169.5,164.5,131.5,141,92,95,0
2704,EC,168,153,146.5,153,97.5,109.5,0
2705,CS,88,81,0,86.5,82,0,0
2706,AU,88.5,80,0,0,0,0,0
2707,CS,126,100.5,0,81,87,109.5,0
2710,EI,95.5,0,0,0,0,0,0
2711,EI,153,142,136,108.5,0,118.5,0
2711,EE,169,166,138.5,139.5,109.5,108.5,0
2712,CE,168,158,135.5,151.5,122,110.5,100.5
2712,EC,185.5,184,178.5,177.5,147,123.5,126
2713,CS,99.5,82.5,0,86,0,90,0
2713,EE,90.5,84,0,82.5,82.5,0,0
2716,CS,115,83.5,80,81.5,82,0,0
2716,EC,99.5,0,0,0,0,0,0
2716,GI,85,0,0,0,0,0,0
2716,MC,97.5,86.5,0,0,0,0,0
2718,CE,156,150.5,139.5,139,111,0,0
2719,BM,169.25,164.5,123,142.5,120.5,147,0
2719,CS,170.5,166,157,150,93.5,85,0
2725,EE,105,83.5,0,0,83,0,0
2726,EE,120.5,89,104.5,90,106,109.5,0
2614,PE,80.5,0,0,0,0,0,0
2615,CE,167,157,137.5,154.5,134,132,138.5
2617,EE,82,0,0,0,0,0,0
2628,AU,83.5,0,0,0,0,0,0
2630,EE,81.5,0,0,0,0,80,0
2634,ME,85.5,0,0,82.5,80,80,0
2639,EC,80,0,0,0,0,0,0
2641,CE,81,0,0,0,0,0,0
2646,EE,89.5,0,0,0,0,0,0
2646,ME,90,0,0,0,0,0,0
2647,ME,79,0,0,0,0,0,0
2656,CS,137.5,113.5,0,83,0,147,0
2657,CS,100.5,87,0,83,80,98.5,0
2657,MC,90.5,0,0,0,0,0,0
2659,BM,118,94,0,86.5,102.5,110,0
2673,CE,88,0,0,0,0,0,0
2673,ME,81.5,0,0,0,0,0,0
2706,MC,128,113,86,98,98.5,0,0
2707,EI,113,83,0,80,90.5,95,0
2708,AG,142.5,105,0,103.5,114.5,86,0
2708,BM,141,116.5,136.5,98.5,91,0,0
2708,MC,111,83,94.5,80,0,0,0
2709,EC,161.5,155,126.5,140.5,84,118,0
2712,EI,176.5,174,167,161,121,0,0
2712,ME,176,172,168.5,160.5,130.5,126.5,117
2717,CS,97,80,0,85,0,88,0
2717,EE,87.5,0,0,0,0,0,0
2719,EE,154,136.5,119.5,125,95,103,82
2726,CS,144.5,130,124,110.5,80.5,85.5,0
2621,CS,123.5,85.5,91,79.5,86,0,0
2614,CS,91.5,82.5,0,0,0,87.5,0
2621,EE,84.5,0,0,79,82,0,0
2632,CS,107.5,81,91.5,80,87,95.5,0
2632,ME,95.5,81,84,80,86,88.5,0
2634,CS,105.5,80,0,80.5,83,100.5,101.5
2636,EE,112,79,0,89,91,99.5,0
2636,ME,106,89.5,0,85,85.5,85,0
2657,ME,84,0,0,0,0,0,0
2659,EE,78,0,0,0,0,0,0
2661,EE,118,93,0,82.5,86,108.5,0
2682,CS,81.5,0,0,0,0,0,0
2702,BM,157.5,140,144.5,122,106.5,141,0
2709,CE,137.5,101,94,95.5,84.5,0,0
2710,CS,154.5,147.5,93.5,123.5,87.5,126,0
2712,MC,177.25,173.5,172,158.5,115,92,0
2715,AG,124,83,0,81,92,115.5,109.5
2716,ME,82.5,0,0,0,0,0,0
2716,RM,103,0,0,0,0,0,0
2722,CS,172.5,168,146,150,104,0,0
2722,IC,115,81,0,84,0,0,0
2723,EC,145,119.5,103.5,89,103.5,115,104.5
2723,ME,109.5,91,100.5,83.5,85,0,0
2725,CS,141.5,129.5,111.5,117,80,0,0
2725,EC,135.5,124,97,85.5,127,135,0
2726,AE,108,85,0,99.5,86,0,0
2618,EE,147.5,128.5,110,132.5,87,88.5,113
2618,MC,126.5,107,112,98.5,102.5,0,0
2621,EC,89,80.5,0,86.5,80,112,0
2621,ME,81,0,0,103,0,0,0
2624,EE,80,0,0,0,0,0,0
2627,EE,89.5,89,0,0,0,88,85
2634,AE,103,87,0,91,81,81.5,86.5
2634,EC,95.5,80,0,81,82,87.5,0
2634,FD,80,0,0,0,0,0,0
2634,IT,116,80,0,82,81.5,96.25,0
2642,ME,80.5,94,0,99,0,0,0
2659,CS,99.5,80,0,80,80,92,0
2660,BM,120,88,88.5,82.5,79,112.5,91.5
2661,CE,81,0,0,0,0,92,0
2664,CH,79.5,0,0,0,0,0,0
2683,EE,80.5,0,0,0,0,0,0
2702,CS,176.75,171.5,161,154.5,115.5,102.5,0
2702,FD,153.5,143,133.5,119,0,135.5,0
2707,EC,99,80.5,0,91,82,93,0
2708,CS,142,127.5,103.5,114,83,0,131
2709,CS,171.5,164,146.5,152,90,129,0
2709,IT,155,147.5,121.5,137.5,86,113.5,0
2711,CE,115,84,99.5,83,80,0,0
2711,CS,178.5,175.5,160,159.5,102.5,117.5,0
2712,CS,187,185.5,178.5,178.5,155,154.75,156.5
2711,ME,152.5,143,103.5,124,84.5,126,80
2715,EC,127,103.5,107,83,89.5,83,0
2716,TX,92.5,0,0,0,0,0,0
2722,CE,146.5,135,131.5,110.5,102.5,92,0
2722,EC,165.5,160.5,138,136,93,0,0
2725,IT,141.5,135.5,131.5,117,82,0,0
2726,EC,130.5,117.5,93,80,87,88,0
2727,BT,132.5,108.5,98.5,93.5,106.5,80,0
2613,ME,99.5,80.5,0,88,81,82,0
2623,IT,102.5,80.5,0,80,81.5,95,0
2623,ME,78.5,0,107.5,0,0,0,0
2624,EC,105,80,0,78,80,93.5,0
2627,BT,109.5,81.5,0,96.5,80,104.5,0
2633,CS,80,0,0,0,0,0,0
2636,CS,132,88,89,94.5,98.5,101.75,86.5
2642,CE,86,0,0,0,0,0,0
2643,CS,107,83,88,84,84.5,0,0
2649,EE,92.5,0,0,0,0,0,0
2659,EC,91.5,0,0,0,82.5,82.5,0
2661,EC,115.5,83.5,103,91.5,80.5,102,0
2665,ME,78.5,0,0,0,0,0,0
2682,EE,87.5,0,0,0,0,0,0
2702,FT,135.5,115,119,111.5,103.5,0,0
2704,CS,162.5,153.5,127.5,139,120,79,134.5
2704,MC,146.5,122,124,118,101,0,0
2704,ME,131.5,95.5,0,101.5,100.5,0,0
2708,CE,86,85.5,0,81.5,0,0,0
2710,ET,88,0,0,0,0,0,0
2712,AU,169,164,166,152.5,124,89,0
2712,IG,178,177.5,163.5,168.5,117.5,85,0
2713,IT,98,82.5,0,0,87,80.5,0
2715,BM,123.5,85,0,80,99,114.5,0
2715,CE,96,87.5,0,86.5,0,0,0
2723,EE,136,98,82.5,85.5,82,116,0
2614,TX,99,84.5,0,82.5,80,0,0
2620,BT,147,131,105,111,112.5,138.5,0
2620,CS,128.5,98,98.5,80,84,103,87
2620,EE,108,90,0,89,84,89,0
2622,ME,117.5,86.5,102.5,83,81,86,134
2628,EC,88,81,0,0,85,86,0
2638,EC,85.5,0,0,0,80,83.5,0
2642,CS,126,85,115,99,100.5,90.5,0
2653,EC,122.5,80,84,83,0,0,0
2657,CE,88.5,0,0,0,0,0,0
2661,IT,119,91,0,84,90,106.5,0
2702,AG,167.5,147,164,122,118,146.5,0
2702,IG,154.5,147.5,138.5,116.5,112.5,0,0
2702,TX,142,113.5,134.5,92,86,0,0
2707,BM,122.5,83,0,80,87,103,0
2711,CH,161.5,146,126.5,121,97.5,84,0
2711,FD,169,156.5,163.5,129.5,120,100.5,0
2712,EE,181.5,180.5,174.5,173,139.5,119,128.5
2718,CS,183,181,174.5,170.5,133.5,128.5,127.5
2718,ME,164.5,160,149.5,151.5,106.5,100.5,82
2719,EC,166.5,161.5,142,141,90,0,0
2723,CS,157,148.5,90,108.5,0,148.5,0
2726,ME,117,95.5,105,85.5,90,83.5,0
2613,EE,100,82,0,83,0,81,0
2614,IT,86,0,0,0,0,0,0
2620,EC,130,97.5,111,81,88,113,0
2621,MC,85,0,0,0,0,0,0
2622,EE,160.5,132,123.5,86.5,89.5,98.5,0
2622,IT,162.5,126,112.5,99,88,89,93.5
2625,CS,93.5,80,0,82.5,80,85.5,0
2629,IT,83.5,0,0,0,0,0,0
2636,EC,148,114.5,88,107,93.5,114,0
2638,EE,83.5,0,0,0,82.5,82.5,0
2641,EC,95,84,0,81.5,83,82.5,0
2642,IT,100,87,0,81.5,83,81.5,0
2646,CS,84.5,0,0,0,0,0,0
2649,CS,146,0,0,0,0,0,0
2650,CE,89.5,85,0,80,0,105.5,0
2650,ME,88,80,0,80,80,80,80
2656,EC,137,106,0,96.5,0,97.5,0
2673,EC,80,0,0,0,0,0,0
2682,EC,150.5,0,0,0,0,0,0
2702,ME,149,133.5,97.5,115,80,0,0
2705,ME,80.5,0,0,0,0,0,0
2708,EC,119.5,91.5,118,82.5,80,0,0
2710,EC,142.5,130.5,81,114,81.5,94.5,0
2710,IT,144,137,93,118,85,0,0
2712,AE,175,168,163,163,150.5,146.5,0
2713,ME,81,0,0,0,0,0,0
2714,EE,100.5,0,0,0,0,0,0
2715,CS,152.5,127.5,102,121.5,84,108.5,0
2721,IC,92.5,0,0,0,0,0,0
2723,BM,136,113.5,103.5,90.5,93.5,111.5,0
2726,IT,137.5,131.5,128,112,87.5,80,0
2727,IT,141,133,105.5,116,108,121,0
2618,ME,127,105.5,104,100.5,87,103.5,108.5
2622,BM,163,125.5,124,104.5,108.5,87.5,0
2624,CS,113.5,84.5,0,88,83.5,104,0
2627,EC,86,84,0,80,80,81,0
2630,ME,80.5,0,0,0,0,0,0
2632,EE,94.5,0,0,0,81.5,91,0
2639,CS,92.5,80,0,80,0,0,0
2640,CE,85,0,0,0,0,0,0
2643,CE,80,0,0,0,0,0,0
2647,IT,102.5,80,0,84.5,80,86,0
2651,CS,113.5,88,0,92.5,80,109.5,0
2652,CE,80,0,0,0,0,0,0
2656,CE,101,81.5,0,84.5,83,87,0
2657,EE,88.5,0,0,0,0,0,0
2658,EC,91.5,0,0,0,0,0,0
2661,CS,113.5,81,87,80,80,100.5,0
2664,EE,103.5,92.5,0,83,0,91,0
2665,CS,86,85,0,0,81,82.5,0
2666,MC,84.5,0,0,0,0,0,0
2673,EE,92,0,0,0,0,0,0
2683,AG,95.5,82.5,0,89.5,93.5,0,82.5
2705,CE,97,0,0,0,0,0,0
2708,AU,82.5,0,0,0,80.5,0,0
2709,ME,152,137,104.5,120,97.5,0,0
2711,IT,173,170.5,152,151.5,81,80.5,0
2712,TX,161,151,121.5,126,111,0,0
2715,IT,144,128,114,120.5,80,116,0
2716,IT,92.5,80,83.5,81,85.5,0,0
2718,CB,178,174.5,162.5,153.5,88,0,0
2719,AE,138.5,113,116,117.5,80,105.5,0
2721,CE,78.5,0,0,0,0,0,0
2721,EE,88,0,0,0,0,0,0
2723,CE,110,80,0,83,85.5,0,0
2727,CS,155.5,142,111.5,122,100,80.5,111
2727,FD,134.5,106,0,88,0,0,0
2618,CE,115.5,80.5,88.5,91,91.5,0,0
2620,IT,136,116.5,0,82,97,133,0
2622,EC,160.5,131,116.5,107.5,83.5,111,107
2638,IT,110,85.5,0,92,92,101,0
2640,EC,80,0,0,0,0,0,0
2648,EC,104.5,0,0,0,0,0,0
2652,EE,79,0,0,0,0,0,0
2653,EE,109.5,81.5,0,88.5,103.5,0,0
2658,CS,89.5,83,0,86.5,85.5,0,0
2682,ME,83.5,0,0,0,0,0,0
2702,AU,131.5,114,108,101.5,0,0,0
2702,EE,161,153,121.5,126.5,82.5,117,0
2702,EI,142.5,131.5,132,93.5,130,0,0
2706,EC,156,149,125.5,123.5,117.5,123.5,0
2708,EE,91,89,0,82.5,84,0,0
2716,AE,98,84,87.5,80,0,108,0
2717,EC,87.5,0,0,0,0,0,0
2718,EC,180.25,178.5,166.5,167.5,124,102.5,136.5
2718,IT,179,177.5,166,162,116,79,0
2726,BM,144,111,132.5,104,81.5,0,0
2613,EC,113,81.5,0,82,94.5,80,0
2615,CS,185,183,179,179,160.5,171.5,162
2618,IT,153,146.5,133,139.5,80,80,0
2621,AE,80,0,0,0,0,0,0
2622,BT,162,142.5,135,119,86,124.5,0
2622,CE,118.5,97,122,88,86.5,112.5,89.5
2634,AG,118.5,80,92.5,85.5,95,95,0
2638,CS,91.5,0,0,84.5,81.5,91,0
2640,EE,80,0,0,0,0,0,0
2640,ME,80,0,0,0,0,0,0
2643,EC,103.5,92.5,0,80,83,84.5,80.5
2646,EC,80.5,0,0,0,0,0,0
2650,EC,115.5,96.5,0,95.5,106.5,106,0
2653,CS,146.5,131.5,88,114,106,0,0
2656,EE,104,92,0,85,82,94,0
2656,ME,104.5,95.5,0,92,83,100,0
2666,AG,95.5,81.5,0,83,80,90,83
2702,MC,144.5,131.5,99,100,120.5,0,0
2704,EE,154,134.5,98.5,135.5,113.5,0,0
2706,CS,166.5,158.5,150,139,89.5,0,0
2706,IT,153,147.5,119.5,123,83,0,0
2707,CH,111.5,85,0,94,91.5,85,0
2707,IT,118.5,95,0,81.5,102,115.5,0
2709,EE,155,141.5,0,117,126.5,92,0
2710,EE,103,82.5,0,83,92,0,0
2715,EE,112,80,0,81.5,83,96.5,81
2717,ME,79.5,0,0,0,0,0,0
2718,EE,173.5,169,149,154,89.5,98,0
2723,MD,133,117,0,96.5,96,92,0
2726,CE,100.5,80,0,85,86.5,0,0
2726,FD,98,96,0,89,0,82,0
2614,EC,80.5,0,0,0,0,0,0
2622,CH,129.5,113.5,124,82,93.5,112,98
2627,CS,103.5,89.5,0,83,88.5,92.5,0
2627,ME,80.5,0,0,0,0,0,0
2630,CE,82.5,0,0,0,0,0,0
2634,BM,114.5,90,0,93,96,94,0
2640,CS,98.5,83,80,85.5,80,89,96
2648,AU,92.25,0,0,0,0,0,0
2651,EC,86,0,0,0,0,0,0
2653,ME,113.5,82,88.5,88,80,109.5,0
2658,ME,80,0,0,0,0,0,0
2660,FD,80.5,0,0,0,0,0,0
2664,PC,83.5,0,0,0,0,0,0
2666,BM,89.5,89.5,0,0,84,0,0
2682,CE,108,0,0,0,0,0,0
2702,CE,144.5,124.5,106,114,97,99,0
2702,CT,154.5,149.5,133.5,127.5,0,116,0
2706,CE,116,99,0,0,90,90,0
2706,EI,123.5,111,0,101.5,0,0,0
2707,EE,105.5,86,0,104.5,92.5,91.5,0
2708,AE,115.5,81.5,91.75,104.5,91,0,0
2713,CE,84,0,0,0,0,0,0
2717,CE,82,0,0,0,0,0,0
2726,AG,139.5,98,0,91,112.5,109.5,0
2727,ME,110.5,82,91,80,80,80,0
2613,CS,139.5,121.5,99,112.75,86,115.5,0
2613,IT,123,115,108,107.5,116,82,0
2618,EC,153,145.5,136.5,135,80,109,0
2621,CE,78,0,0,0,0,0,0
2622,CS,163,133.5,86,96,80.5,99.5,155.5
2625,CE,87,0,0,0,0,0,0
2628,CE,130.5,0,0,0,0,0,0
2628,EE,91.5,0,0,0,0,0,0
2628,ME,87,0,0,0,0,0,0
2629,RM,83,0,0,0,0,0,0
2633,CE,92.5,0,0,0,0,0,0
2633,ME,106,0,0,0,0,0,0
2641,CS,101,80,0,83,81,82,0
2642,EE,105.5,89,0,85,0,86.5,0
2647,EC,81,0,0,0,0,0,0
2648,CS,85.5,81,0,81.5,0,0,0
2652,EC,78,0,0,0,0,0,0
2659,CE,79,0,0,0,0,0,0
2660,CH,101.5,91,0,87,92,96,0
2702,AE,143,118.5,130,99.5,80,0,0
2702,IT,168.5,164.5,147,141.5,82,124.5,0
2706,ME,135,122.5,97.5,88,0,0,0
2708,CH,149,121,129,98.5,122.5,0,0
2712,IT,185,184.5,177,177,150,150.5,132.5
2716,EE,81,0,0,0,0,0,0
2719,ME,150,135,99.5,116.5,79.5,0,0
2727,AG,128,87,87.5,82,85,103,0
2727,EE,123.5,108,0,101,89.5,111.5,0
2729,ME,86.5,0,0,0,0,0,0
2729,EC,84,0,0,0,0,0,0
2733,CE,80.5,0,0,0,0,0,0
2734,ME,99.5,80,0,86.5,96,0,91
2741,CS,139,110,116,81,81,112.5,0
2744,IT,89,0,0,0,0,0,0
2745,CS,117.5,97,106,83,80.5,100,0
2753,CS,102,81,0,89.5,86.5,82.5,0
2758,ME,97.5,88.5,0,86,77.75,96,0
2763,CS,120.5,81.5,83.5,88.5,0,84,0
2764,ME,110.5,80.5,0,83,85.5,105,0
2769,CS,79.5,0,0,0,0,0,0
2769,EC,120.5,0,0,0,0,0,0
2769,ME,86.5,0,0,0,0,0,0
2772,CE,86,0,0,0,0,0,0
2772,CS,88,80,0,0,82,86,0
3018,CS,107.5,90,0,88,93,0,0
3425,ME,91,80.5,80,80,80,0,0
3454,ME,94.5,0,0,0,0,0,0
3459,CE,92,0,83,0,81,87,0
3760,CS,103.5,80,90.5,86.5,85,0,0
3801,IT,125,89,122,85,81,0,0
3803,CH,110,81,100.5,98,0,0,0
3820,CS,80.5,0,0,0,0,0,0
3817,CE,81.5,0,0,0,0,0,0
3821,CE,87.5,0,0,0,0,0,0
3820,ME,79.5,0,0,0,0,0,0
3831,EE,87.5,0,0,0,0,0,0
2731,ME,118.5,87.5,117.5,95.5,97,0,90
2731,PD,129.5,83,125.5,108.5,101,0,0
2732,IT,121,81,0,79.5,0,0,0
2734,IT,119,115,0,98.5,85.5,0,0
2734,EE,86,0,0,0,0,0,0
2736,ME,88.5,0,79,104.5,80,0,0
2737,IT,98.5,0,0,0,85,95.5,0
2739,IT,145,140,98.5,100,0,0,0
2749,CS,80.5,0,0,0,0,0,0
2761,ME,85.5,0,0,0,0,0,0
2762,CE,80,0,0,0,0,0,0
2763,MC,97.5,84,90,89.5,80,0,0
2764,CE,109,86.5,0,86.5,91.5,0,91
2769,FD,105.5,82.5,0,0,98.25,0,0
3011,BT,171,161,163,156.25,152.5,146.5,146.5
3011,XM,80.5,0,0,0,0,0,0
3016,CS,110,84,0,81,82.5,101.5,0
3018,CE,86.5,0,0,0,0,0,0
3021,XM,80.5,0,0,0,0,0,0
3454,CE,88.5,0,0,0,0,0,0
3458,PE,92,0,79,80,81.5,0,0
3462,EC,80.5,0,0,0,0,0,0
3760,EE,80,0,0,0,0,0,0
3760,ME,88,80,0,0,80.5,0,0
3766,EC,106.5,0,0,0,0,0,0
3782,EE,82.5,0,0,0,0,0,0
3801,IC,82,0,0,0,0,0,0
3802,ME,78.5,0,0,0,0,0,0
3804,AG,111,81,85.5,83.5,84,106,0
3807,ME,80,0,0,0,0,0,0
3808,IT,79.5,0,0,0,0,0,0
3810,IT,106,81,102.5,85,87.5,134,0
3812,EI,96,91,0,81,80,0,0
3819,EC,162,144,115.5,122.5,81.5,85.5,0
3823,AE,104,80,0,85.5,91.5,0,0
3826,CE,93,85,0,86,0,0,0
3825,EC,98,0,0,0,0,0,0
3825,CS,82,0,0,0,0,0,0
3845,CE,82.5,0,0,0,0,0,0
2731,CS,131,110,0,103.5,100,121.5,0
2732,CS,86,82,0,85,0,0,0
2737,ME,82,0,0,0,121,81.5,0
2741,EE,103,86,0,0,93.5,0,0
2743,EC,98.5,89,0,84.5,82.5,83,0
2750,AE,119.5,85,88,80,90.5,93,0
2753,BM,85.5,0,0,0,0,81,0
2758,CS,89,0,0,80,87,0,0
2758,EC,86.5,0,0,0,0,0,0
2765,EC,93,0,0,0,0,0,0
3019,XC,151,0,0,0,0,0,0
3021,ME,95,90.5,91,87,82.5,0,0
3456,CS,120,83,99.5,86.5,100,0,0
3457,FD,112.5,84.5,111.5,82,80,89,0
3458,AG,114.5,96,100,83.5,93,102,101.5
3459,EC,109.5,86.5,90.5,81.5,97.5,82,0
3460,ME,80.5,0,0,0,0,0,0
3795,EC,80,0,0,110.5,0,0,0
3803,ME,110.5,85.5,91,82,87,0,0
3804,CS,104,85,83,83,79.5,81,0
3805,ME,84,81,82.5,82.5,79.5,0,0
3806,ME,108,80,89.5,80,86,0,0
3808,EE,83.5,0,0,0,0,0,0
3817,CS,109,86.5,0,80,97.5,114,0
3825,ME,80,0,0,0,0,0,0
3826,ME,118,80,86,84.5,85.5,80,114
3831,CS,95.5,83,0,88,86.5,0,0
3843,ME,95.5,86,0,80,81,0,0
3843,EE,94.5,81,0,80,83.5,0,0
2739,CS,159.5,149.5,116.5,117.5,80.5,108.5,0
2729,EE,102.5,0,0,0,0,0,0
2748,EE,88.5,0,0,0,0,0,0
2758,EE,82.5,0,0,0,82,0,0
2769,PD,107,83.5,82.5,83,87,0,0
2776,AU,85,0,0,0,0,0,0
3018,XM,87.5,0,0,0,0,0,0
3019,EC,107.5,85.5,0,86,103.5,0,0
3019,EE,99.5,0,0,82.5,81,0,0
3410,CS,111.5,86.5,110,82,86,0,0
3410,EE,90.5,0,80,82,87,0,0
3425,CE,90.5,81,0,81,79,0,0
3454,AG,84.5,0,0,0,0,0,0
3457,CH,103.5,82.5,0,86.5,80,103.5,0
3459,EE,84.5,85,83.5,105,81,0,79
3465,EE,151,134,140.5,131,128,145.5,87.5
3701,CE,122,90,0,111,98,0,0
3701,EC,113.5,90.5,0,0,93,0,0
3760,CE,85,0,0,0,0,0,0
3782,CE,84,0,0,0,0,0,0
3795,CE,80.5,0,0,0,0,0,0
3801,CS,148,129,132,124.5,104,0,0
3807,IT,80,0,0,0,0,0,0
3808,CS,79.5,0,0,0,0,0,0
3810,CS,91,0,80.5,82,78,0,0
3810,EE,80.5,0,0,0,0,0,0
3810,EI,80,0,0,0,0,0,0
3810,ME,80,0,0,0,0,0,0
3817,EE,79,0,0,0,0,95.5,0
3817,ME,95.5,82,0,87,81.5,0,0
3820,CE,88,0,0,0,0,0,0
3815,IT,89.5,0,0,0,0,0,0
3829,CE,78,0,0,0,0,0,0
3841,ME,83,0,0,0,0,0,0
2731,EE,92,0,0,83.5,0,0,0
2732,EE,81,0,0,0,0,0,0
2736,BM,156.5,130.5,128.5,96,84.5,122.5,0
2739,EE,119,87.5,0,0,0,0,0
2763,CE,88.5,81.5,0,86.5,0,0,0
3454,EE,105,0,0,0,0,0,0
3456,CE,85,0,0,0,0,0,0
3760,EC,84.5,0,0,81,80,0,0
3803,EC,129.5,104.5,100,102.5,85,112.5,0
3804,EC,94,85,0,92.5,81.5,0,0
3806,CS,114,86.5,84.5,84,94,98.5,0
3809,EE,115,0,0,0,0,0,0
3813,IT,83,0,0,0,0,0,0
3813,ME,87.5,0,0,0,0,0,0
3820,MC,82,0,0,0,0,0,0
3823,ME,106,80,95.5,81.5,82,102.5,0
3826,EE,113.5,80,91,88,81,0,0
2729,MC,91,116.5,0,0,0,0,0
2736,CE,80,0,0,0,0,0,0
2744,CS,89.5,0,0,0,0,0,0
2744,EE,80,0,0,0,0,0,0
2747,EC,133,100,0,84,93,115.5,0
2749,EC,91.5,0,0,0,0,0,0
2753,ME,93,86.5,0,0,84.5,0,0
2764,EC,143,124.5,123.5,93.5,111.5,0,0
2767,CE,107,0,0,0,0,0,0
2769,EE,82.5,0,0,0,0,0,0
2776,ME,81,0,0,0,0,0,0
3011,XC,120,80,0,80,104.5,102.5,0
3021,EC,106.5,86,82.5,87.5,94.5,114,0
3021,EE,99.5,0,0,90.5,0,0,0
3425,CS,121.5,82,107,87,96.5,83,0
3456,EC,97,87.5,0,80,86,80,0
3461,CE,89.5,0,0,0,0,0,0
3462,CS,92.5,0,0,85.5,81.25,81,0
3786,CS,104.5,82,94.5,95.5,82.5,87.5,0
3786,ME,78.5,0,0,0,0,0,0
3802,CS,93,79.5,0,82,85,0,0
3805,CS,115,83,84,94.5,80,82,0
3806,EC,102,80,95,79.5,86.5,95,0
3807,EE,101,0,0,0,0,0,0
3815,ME,84,0,0,0,0,0,0
3815,TX,80.5,0,0,0,0,0,0
3821,ME,82,0,0,0,0,0,0
3829,CS,103.5,82,103.5,80,80,80.5,0
3829,ME,94,80,81,80,80,0,0
2732,ME,80,0,0,0,0,0,0
2733,CS,102,84,0,82.5,0,0,0
2734,CS,131.5,119.5,105,93.5,83.5,0,0
2740,IT,121,111,108,93,97,0,0
2743,EE,80,0,0,0,0,105.5,0
2743,FD,112,0,0,0,0,0,0
2745,EC,97.5,79,0,84.5,80,80,0
2747,EE,108,81,0,80,82,98.5,0
2748,ME,100.5,88.5,0,86.5,0,0,0
2750,CS,151,137,91,113,113,102.5,0
2752,IT,127,108.5,109.5,88.5,125.5,111,0
2765,CS,94,81,0,80,0,0,0
2765,ME,78.5,0,0,0,0,0,0
2768,EN,81.5,0,0,0,0,0,0
2772,EC,82.5,0,0,0,0,0,0
2776,CS,91,80,89,83,81.5,0,0
3011,EC,164.5,153,143.5,144.5,129,117.5,112
3016,ME,88,0,0,0,0,0,0
3021,CS,130,117.5,89,106,88,0,0
3425,EE,90.5,85,0,80,79.5,0,0
3462,EE,80,0,0,0,0,0,0
3464,EC,145,128.5,104,137.5,118.5,0,0
3466,ME,79,0,0,0,0,0,0
3701,ME,113.5,90.5,93,83.5,80,0,0
3766,CE,80.5,0,0,0,0,0,0
3786,EE,90.5,0,0,0,0,0,0
3786,MC,87,0,0,0,0,0,0
3804,EE,79.75,0,0,0,0,0,0
3805,EE,89.5,81,83,81,80,0,0
3805,IT,117,82,96,95,97,90.5,0
3806,IT,121.5,96.5,105,92,103.5,0,0
3812,EC,87.5,0,0,0,80,0,0
3813,CE,97.5,0,0,0,0,0,0
3814,CS,83.5,0,0,0,0,0,0
3814,EC,89.5,0,0,0,0,0,0
3825,EE,97,0,0,0,0,0,0
2740,PH,91.5,0,0,0,0,0,0
2748,CE,79,0,0,0,0,0,0
2748,CS,112,80,0,82,82.5,107,0
2750,AG,146.75,124.5,0,100.5,88.5,99,84.5
2750,BM,141,112,125,112,114,127,0
2752,CS,127,104.5,0,104,90.5,105.5,0
2753,AG,94.5,80,0,0,82.5,86.5,0
2755,CS,78,0,0,0,0,0,0
2776,EC,87,0,0,0,0,0,0
2776,MC,96.5,90,0,83,92,0,0
3019,ME,109.5,91.5,103,83.5,92,0,0
3410,EC,98.5,96.5,89.5,80,79.5,91.5,0
3460,CE,105.5,0,0,0,0,0,0
3461,CS,80,0,0,0,0,0,0
3464,CS,154.5,147.5,138.5,144,121.5,107.5,0
3465,EC,160,154.5,113,139,129.5,146,0
3465,ME,147,123,120,127.5,111.5,85,112
3466,CE,85.5,0,0,0,0,0,0
3701,CS,129.5,115,101.5,97,99,0,0
3782,CS,91,80,0,83,79.5,0,81.5
3786,AE,82,0,0,0,0,0,0
3795,EE,91,0,0,0,0,0,0
3801,CE,86,0,0,0,0,0,0
3801,EC,121,115.5,0,89,79,0,0
3806,EE,100,81,82.5,79.5,87.5,0,0
3809,CS,94,80,0,82.5,84.5,0,0
3810,CE,82,0,0,0,0,0,0
3811,ME,89.5,80.5,87,86,80,0,0
3815,CS,85.5,0,0,0,0,0,0
3822,EE,88,0,0,0,0,0,0
3831,IT,84,0,0,0,0,138.5,0
3844,ME,99,0,0,0,0,0,0
2733,FT,103,80,0,91.5,91.5,100,0
2734,CE,82,0,0,0,0,0,0
2735,EC,131,86,0,83.5,108,104.5,0
2737,EC,80,0,0,0,0,0,0
2737,EE,107.5,0,0,0,0,0,0
2739,EC,143.5,117.5,93.5,92,115,0,0
2740,AE,132.5,97.5,110,85.5,108,0,0
2740,ME,99,84.5,0,86,80.5,0,0
2741,CE,90,80,0,85.5,80,88,0
2743,CS,107.5,80,0,83,81,88,0
2745,EE,91,0,0,0,0,0,0
2747,CS,140.5,119,0,111.5,101,0,0
2750,BT,130.5,108,85,89.5,86.5,120,0
2751,EC,115,80.5,86,83.5,0,0,0
2751,ME,82.5,0,0,0,0,0,0
2755,AE,101,83.5,0,0,93,0,0
2762,CS,122.5,88,0,89,0,0,0
2768,CS,88,0,0,0,0,0,0
2769,AU,98,0,0,0,0,0,0
3011,CE,138.5,115,84,118,114.5,106,112.5
3425,EC,99.5,81,80,85,92,0,0
3461,EC,81.5,0,0,0,0,0,0
3701,EE,112,81.5,0,110,87.5,83.5,0
3803,CE,92.5,85.5,0,0,0,0,0
3804,CE,86,82.5,0,84.5,0,0,0
3807,CE,86,0,0,0,0,0,0
3811,CS,105,80,95,80.5,80,0,0
3812,CE,81.5,0,0,0,0,0,0
3813,EC,88.5,0,0,0,0,0,0
3819,EE,131.5,112.5,84.5,86,130,0,0
3819,ME,131,100.5,96,80.5,81.5,0,110
3820,EC,101,0,0,0,0,0,0
3820,EE,80.5,0,0,0,0,0,0
3821,EC,80.5,0,0,0,0,0,0
3822,ME,79,0,0,0,0,0,0
3830,CS,145.5,128.5,125,120.5,86.5,111.5,0
3831,ME,78,0,0,0,0,0,0
3833,CE,92,0,0,0,0,0,0
3833,CS,110,82,93,86.5,100.5,0,0
3841,CE,116,0,0,0,0,0,0
3843,CE,79.5,0,0,0,0,0,0
2733,EE,80.5,0,0,0,0,0,0
2734,EC,106.5,84.5,0,0,82.5,97,0
2735,IT,127.5,117.5,119.5,93,100.5,126,0
2736,IT,135.5,124,144.5,94,88,112.5,0
2739,ME,110,87,0,93,0,0,0
2741,EC,133,102,99,90,87.5,103,91
2744,ME,87.5,0,0,0,0,0,0
2752,EE,105,89,0,80,83.5,0,0
2753,EC,80,0,0,0,0,0,0
2758,CE,84.5,0,0,0,0,0,0
2764,CS,156.5,138,138,109.5,106,0,0
2765,EE,84.5,0,0,0,0,0,0
2767,CS,85.5,0,0,0,0,0,0
2768,AE,85,0,0,0,0,0,0
2768,ME,104,0,0,0,0,0,0
3011,IT,161.5,152.5,147,144,122.5,98,122
3019,CE,94.5,0,0,0,0,0,0
3410,ME,105.5,80.5,81,87.5,85.5,0,0
3457,RM,80,0,0,0,0,0,0
3458,BT,114,85.5,0,85,100.5,94.5,93
3459,BM,141,112,121,94,101,90,0
3460,CS,82,0,0,0,0,0,0
3464,CE,118,100.5,0,108.5,97.75,99,0
3465,CE,140.5,116,106.5,116,121.5,138,0
3803,CS,150,134,112.25,93.5,80,0,0
3805,BM,131.5,98,0,88,102.5,117.5,86
3807,AE,83.5,0,0,0,0,0,0
3812,EE,92.5,90.5,0,0,82.5,0,0
3814,EE,86,0,0,0,0,0,0
3814,ME,94,0,0,0,0,0,0
3826,CS,159.5,128.5,91,121.5,98.5,111.5,0
3841,EC,90.5,0,0,0,0,0,0
3826,EC,135.5,121.5,92,109,91,85,0
3845,CS,93.5,80.5,0,85,83.5,84.5,0
2729,CS,112,81.5,0,87.5,105,86.5,0
2731,EC,111.5,82,0,87.5,85,0,0
2736,CS,142,127,108,95,88,108,89
2740,AU,88,0,0,0,0,0,0
2740,EC,105,81,83,81.5,0,0,0
2749,IT,81.5,0,0,0,0,0,0
2751,CS,130.5,115,82.5,86.5,0,0,0
2752,ME,107.5,87,86.5,101.5,106.5,103,0
2755,AG,95.5,80.5,88,0,91.5,0,0
2762,EC,90,0,80,0,0,0,0
2767,EE,107,0,0,0,0,0,0
2768,CE,86.75,0,0,0,0,0,0
3011,CS,171.5,163.5,143,152,131.5,100,128
3456,EE,80,0,0,0,0,0,0
3462,ME,92.5,82.5,0,82.5,80.5,0,0
3464,ME,128.5,115.5,104,115,103,100,112
3804,ME,95,81,88,82,90.5,0,0
3807,EI,130.5,0,0,0,0,0,0
3808,EC,112,0,0,0,0,0,0
3810,EC,80,0,0,0,0,0,0
3811,CE,80,0,0,0,0,0,0
3815,EC,148,0,0,0,0,0,0
3817,EC,80,0,0,0,0,122,0
3819,IT,153,143.5,139,122,97,0,0
3821,EE,81,0,0,0,0,0,0
3823,CS,118,80,81.5,93.5,80,80,0
3830,EC,144,114.5,111,101,101,91.5,0
3831,CE,129,0,0,0,0,0,0
3833,EC,104.5,80,0,0,0,0,0
3829,EE,101,86.5,95.5,82,80,0,0
3841,CS,92,82,0,0,0,0,0
3844,EE,85.5,0,0,0,0,0,0
2732,EC,109.5,0,0,0,0,0,0
2735,CS,133.5,120.5,127,99.5,97,120,0
2740,CS,117.5,107,93,93.5,105,99.5,0
2744,EC,81.5,0,0,0,0,0,0
2747,CE,88.5,0,0,0,0,0,0
2752,EC,117.5,89.5,105.5,84.5,100.5,93,0
2761,EC,104,0,0,0,0,0,0
2761,EE,83,0,0,0,0,0,0
2763,EC,84.5,81,0,0,0,0,0
2764,BM,150.5,111.5,0,103,0,115.5,0
2764,CH,129,89.5,100.5,111.5,114,0,0
2767,ME,85,0,0,0,0,0,0
3016,CE,80,0,0,0,0,0,0
3018,EC,93.5,0,0,0,0,0,0
3461,ME,80,0,0,0,0,0,0
3782,EC,95.5,92.5,0,82.5,81.5,83,88
3801,ME,89,82,0,102,88,0,0
3804,BM,112,80,84,93.5,80,0,0
3805,EC,86,95.5,0,0,80.5,0,0
3808,ME,86.5,0,0,0,0,0,0
3821,CS,80,0,0,0,0,0,0
3826,IT,146,125.5,133.5,118,85,94.5,0
3829,IT,117.5,87.5,101.5,90.5,81,78,0
3831,EC,90,0,0,0,0,0,0
3844,EC,101,0,0,0,0,0,0
2736,EC,132,110.5,0,80,86,98,0
2733,EC,88,0,0,0,0,0,0
2748,EC,95.5,84,0,0,0,93.5,0
2750,EC,140.5,115.5,80.5,80.5,93.5,99,118.5
2758,IT,98,84,0,87.5,0,96.5,0
2761,CS,81,0,0,0,0,0,0
2763,EE,82.5,0,0,0,0,0,0
2772,EE,84.5,0,0,0,0,0,0
2776,AG,134.5,89,88,97,115.5,0,0
3016,EC,87,0,0,95.5,0,128.5,0
3016,EE,81.5,0,0,0,0,0,0
3019,CS,128,96.5,0,111.5,86,0,0
3410,CE,80.5,0,0,0,0,0,0
3459,CS,118.5,87.5,94.5,80,88,86,0
3466,EC,84,0,0,0,0,0,0
3795,CS,135.5,116,112.5,106.5,80.5,112,0
3795,ME,91.5,0,0,0,0,0,0
3805,CE,81.5,0,0,0,95.5,0,0
3806,CE,83.5,77.75,80.5,80,80,0,0
3809,ME,86.5,0,0,0,0,0,0
3833,EE,91.5,0,0,0,0,0,0
3845,EE,87,81.5,0,0,84.5,81.5,0
3845,ME,82,0,0,0,0,0,0
2739,CO,139,119.5,0,103.5,0,0,0
2743,BM,90,0,0,82.5,81.5,0,0
2747,ME,84,82.5,0,0,83,86.5,0
2749,PE,100.5,0,0,0,0,0,0
2755,CE,100.5,0,0,0,0,0,0
2755,FD,101.5,0,0,0,0,0,0
2758,AU,80.5,0,0,0,0,0,0
2763,ME,88.5,81,0,80,0,0,0
2764,EE,132.5,98,0,91.5,91.5,0,0
2768,EC,99.5,0,0,0,0,0,0
2769,PE,117.5,80.5,106,87.5,97,0,0
3011,EE,154,136,124,127.5,115,95.5,84
3018,EE,82,0,0,0,0,0,0
3019,XM,85.5,0,0,0,0,0,0
3454,CS,85,0,0,80.5,0,0,0
3457,AO,103.5,0,0,90,86,0,0
3458,FD,106,88,0,89,91.5,95.5,0
3462,CE,78,0,0,0,0,0,0
3464,EE,130,111,117.5,116,114,87.5,0
3766,ME,80.5,0,0,0,0,0,0
3782,ME,84,0,0,80,0,0,0
3807,CS,115,107.5,101,84,96.5,0,0
3807,EC,97,0,0,0,0,0,0
3811,EC,86,80,83,0,80,0,0
3812,AU,78,0,0,0,0,0,0
3812,CS,103.5,83,102,93.5,88.5,82.5,0
3812,IT,103,86.5,0,0,80,0,0
3815,BT,121.5,95,111.5,93,96,0,0
3819,IC,117,88.5,0,83,100,0,0
3822,CS,86,0,0,0,0,0,0
3833,ME,80,0,0,0,0,0,0
3830,ME,119,85.5,96,111.5,93.5,0,0
3843,CS,109,82.5,0,84,86,0,0
2736,EE,110,86.5,0,91.5,0,84,0
2733,ME,80,0,0,0,0,0,0
2737,CE,108.5,0,0,0,0,0,0
2737,CS,91,80,0,87,89,0,0
2743,CE,80,0,0,0,0,0,0
2743,ME,84.5,0,0,0,79,83,0
2750,ME,112.5,88,92.5,83.5,80,106,98
2751,CE,80,0,0,0,0,0,0
2761,CE,88,0,0,0,0,0,0
2762,ME,82,0,0,0,0,0,0
2765,CE,120,0,0,0,0,0,0
2769,CE,89.5,0,0,0,0,0,0
2776,CE,90,0,0,0,0,0,0
3011,AU,150,114.5,108,113,95.5,0,0
3018,XC,89,0,0,0,0,0,0
3456,ME,82,0,0,0,80.5,0,0
3459,ME,87,80.5,0,81,78.5,80,0
3465,CS,164,154.5,141.5,150,146,124.5,132.5
3466,CS,83,0,0,0,81,0,0
3786,EC,83,0,0,0,0,0,0
3803,EE,83,81,0,0,0,0,0
3805,PH,105.5,90.5,0,80,84,83,0
3808,CE,82,0,0,0,0,0,0
3809,EC,86.5,0,0,0,0,0,0
3811,EE,80,0,0,0,0,0,0
3812,ME,81,80.5,0,0,78,0,0
3819,CS,161.5,150,148.5,136,118.5,107.5,86
3830,EE,135,110,124,90.5,95,98.5,0
2735,EE,90.5,0,0,0,91.5,137,0
2735,ME,85,0,0,97.5,93,0,0
2741,ME,122,99,85,96,83,98,0
2745,CE,77.5,0,0,0,0,0,0
2745,ME,80,0,0,0,0,0,0
2749,ME,83,0,0,0,0,0,0
2750,EE,124,109.5,101.5,92,87.5,93,0
2751,IT,136.5,120,0,90,80,120,0
2762,EE,97,0,0,0,0,0,0
2772,ME,85.5,0,0,0,0,0,0
3011,ME,149.5,129,122,128.5,113.5,85,90.5
3011,PC,157.5,141,144,125,116,0,0
3011,PH,157.5,137.5,146.5,132.5,136,150.25,0
3018,ME,89.5,0,0,0,0,0,0
3021,CE,89.5,84,0,0,85,0,0
3766,CS,80.5,0,0,0,0,86,0
3801,EE,80,0,0,0,0,0,0
3802,EC,81.5,0,0,0,0,0,0
3803,IT,124,108.5,102,96,82.5,0,0
3804,AU,89.5,0,0,0,82.5,0,0
3806,BM,135,106,133,102.5,102.5,0,0
3813,CS,100,80.5,0,93,83,0,0
3813,EE,91.5,0,0,0,0,0,0
3815,CE,91.5,0,0,0,0,0,0
3819,CE,109.5,80,0,91,105.25,82,0
3829,EC,109.5,90,0,0,84.5,0,0
3833,AE,90.5,0,0,0,0,0,0
3846,CE,89.5,0,0,0,0,0,0
3848,EE,88,0,0,0,0,0,0
3848,EC,80.5,0,0,0,0,0,0
3852,CS,95,81,81.75,0,94,0,0
3855,CS,90.5,81,87,80,84.5,0,0
3905,ME,80,0,0,0,0,0,0
3908,EE,85,0,0,0,84,0,0
3846,EE,80,0,0,0,0,0,0
3850,ME,81.5,0,0,0,0,0,0
3854,EE,90,0,0,0,0,0,0
3918,CS,107,82.5,0,80.5,84.5,0,0
3848,ME,80,0,0,0,0,0,0
3857,EE,80,0,0,0,0,0,0
3855,CE,81,0,0,0,0,0,0
3855,ME,81,0,0,0,0,0,0
3859,CS,87,0,0,0,0,0,0
3860,EE,82.5,0,0,0,0,0,0
3905,CS,117.5,97.5,0,92,102,0,0
3848,CE,80.5,0,0,0,0,0,0
3855,EE,83,0,0,0,0,0,0
3859,EE,92,0,0,0,0,0,0
3860,EC,80,0,0,0,0,0,0
3918,CE,90,0,0,0,0,0,0
3847,CS,81.5,0,0,0,0,0,0
3846,CS,103,83,82.5,80.5,86.5,91.5,0
3854,CE,102,0,0,0,0,0,0
3908,CE,106,86,81,80.5,0,0,0
3850,CS,82.5,0,0,0,0,0,0
3852,CE,107,0,0,0,0,0,0
3852,EE,80,0,0,0,0,0,0
3854,EC,80,0,0,0,0,0,0
3905,CE,81,0,0,0,0,0,0
3905,EC,86.5,0,0,82,82,0,0
3918,EC,86,0,0,0,0,0,0
3860,ME,80,0,0,0,0,0,0
3905,EE,86.5,0,0,0,0,0,0
3908,CS,118,87,80.5,85.5,80.5,0,0
3847,BT,96.5,0,0,0,0,87,0
3846,EC,89,0,0,0,0,0,0
3848,CS,81.5,0,0,0,0,0,0
3849,CS,96,80,80,81.5,89.5,90.5,0
3849,IT,105.5,83,82,80.5,95,0,0
3854,ME,81.25,0,0,0,0,0,0
3860,CS,89.5,84,0,80,84.5,0,0
3908,EC,107,82,0,0,85,0,0
3849,CE,81.5,0,0,0,0,0,0
3849,EE,80,0,0,0,0,0,0
3843,EC,82,109,0,0,0,0,0
3849,ME,82,0,0,80.5,79,0,0
3857,CS,97,85.5,0,80,85.5,89,0
3846,ME,80,0,0,0,0,0,0
3857,ME,79,0,0,0,0,0,0
3908,ME,82,0,0,0,81,0,0
3847,CH,109.5,99.5,0,98,96,0,0
3845,EC,97.5,88.5,82,83.5,79.5,87,93
3850,EC,96.5,0,0,0,0,0,0
3852,EC,88.5,0,0,0,0,0,0
3859,ME,81,0,0,0,0,0,0
3847,ME,101.5,0,0,0,0,0,0
3849,EC,80,0,0,0,80,0,0
3850,EE,86,0,0,0,0,0,0
3854,CS,81,0,0,0,0,0,0
3855,EC,80,0,0,0,0,0,0
3857,CE,90,0,0,0,0,0,0
3857,EC,87,0,0,0,0,0,0
4024,ME,115.5,86.5,106,80,88.5,0,0
4020,CS,156,149,153,129,120,89.5,0
4669,CE,83.5,0,0,0,0,0,0
4670,EE,103,81.5,0,80,88,0,0
4678,EE,126,98,0,113.5,118,0,0
4675,CE,87,0,0,0,0,0,0
4680,EE,115,83.5,0,112.5,82.5,0,0
4676,CE,90,0,0,0,0,0,0
4676,ME,84,0,0,0,0,0,0
4927,ME,84.5,0,0,0,0,0,0
4677,EC,89,0,0,0,0,0,0
4928,EC,103.5,80.5,0,0,98,0,0
4933,EC,95,88.5,0,0,87.5,0,0
4686,ME,83,0,0,0,0,0,0
4934,CS,94,80.5,79,86.5,93.5,0,0
4927,EC,127,0,0,0,0,0,0
4023,EC,158.5,141,104,82,112.5,0,0
3925,ME,80.5,0,0,0,0,0,0
4024,GI,132,89,87,81,86.5,0,115
4672,ME,115.5,89,0,88,102,0,0
4680,CS,130.5,91,0,95,105,107.5,0
4864,CS,121.5,99.5,115,0,96,0,0
4864,EC,110,79.5,0,98,0,0,0
4927,AU,81.5,0,0,0,0,0,0
4933,CE,79,0,0,0,0,0,0
4023,XM,105.5,0,0,0,0,0,0
4669,EC,117,80,0,83,93.5,88,0
4917,IT,127,115,124.5,89.5,99,96,0
4927,CS,93,80,0,0,0,0,0
4934,EE,85.5,0,0,0,0,0,0
3920,CS,107,84.5,94,89,100,0,0
3925,EE,80,0,0,0,0,0,0
4024,EE,129,102,105,83.5,97,0,0
4686,CE,153.5,0,0,0,0,0,0
4929,EE,98.5,0,0,0,0,0,0
3918,EE,79,0,0,0,0,0,0
4024,EC,135,105.5,118,101.5,97.5,0,0
4020,EC,153,139.5,148,120.5,116.5,114.5,0
4023,CS,141.5,122.5,119.5,94,90.5,0,0
4669,ME,98,80,0,81.5,81.5,86.5,0
4675,EE,82,0,0,0,0,0,0
4917,BM,140,121.5,118,81.5,83,0,0
4927,EE,111,0,0,0,0,0,0
4928,CE,107.5,84.5,0,0,0,0,0
4941,CE,92.5,0,0,0,0,0,0
4941,CS,92.5,80,0,87,86.5,80,0
4672,CE,84,0,0,0,0,0,0
4676,CS,90,0,88,0,0,0,0
4678,CE,81.25,0,0,0,0,0,0
4680,ME,97,81,0,84,83.5,0,0
4917,CS,137,120.5,125.5,97,80,103.5,0
4929,CE,90.5,0,0,0,0,0,0
3920,EC,90,0,0,0,0,0,0
4023,IT,123.5,92.5,117.5,89.5,102.25,0,0
3920,EE,118.5,0,0,0,0,0,0
4023,XC,82,0,0,0,0,0,0
4669,EE,81,0,0,0,0,0,0
4670,EC,123.5,99.5,101,91,80.5,0,0
4670,ME,107,89.5,83.5,80.5,84,0,0
4672,EE,103,86.5,0,90,86,0,0
4864,ME,99,82,0,96,0,0,0
4917,EE,112,90.5,92.5,84,82,86.5,0
4927,AE,85,0,0,0,0,0,0
4929,ME,87,0,0,0,0,0,0
4931,EC,94,0,0,0,0,0,0
4938,CS,82,0,0,0,0,0,0
4941,EE,80,0,0,0,0,0,0
4941,ME,82,0,0,0,0,0,0
4943,EC,91,0,0,0,0,0,0
4024,XM,81,0,0,0,0,0,0
4670,CE,98.5,78.5,89,84,90.5,88,0
4675,ME,83,80,0,0,0,0,0
4677,CE,81,0,0,0,0,0,0
4678,CS,152,145.5,126.5,124.5,87.5,0,0
4917,EC,125,107.5,120.5,86,80,0,0
4934,ME,91,83,0,0,0,0,0
4020,ME,134,123,131.5,101,87.5,0,0
4676,EE,102.5,0,0,0,0,0,0
4917,ME,112.5,93,105.5,80,82.5,85,0
4943,CS,89.5,0,0,0,86,84,0
3920,CE,78,0,0,0,0,0,0
3920,ME,84,0,0,0,0,0,0
4672,CS,116,89.5,0,87.5,90.5,100.5,0
4676,EC,112.5,0,0,0,0,0,0
4677,CS,81,0,0,0,0,0,0
4864,CE,82.5,0,0,0,0,0,0
4927,CE,90.5,0,0,0,0,0,0
4931,CS,88.5,0,0,0,0,0,0
4933,ME,92.5,90.5,0,83,84.5,0,0
4934,CE,93,0,0,0,0,0,0
3923,EC,104,0,0,0,0,0,0
4672,EC,101.5,80,0,0,0,0,0
4929,CS,81,0,0,0,0,0,0
4933,EE,87.5,81,0,0,84,0,0
3925,CS,82,0,0,0,0,0,0
4020,GI,138,95.5,114.5,88,99.5,0,0
4023,ME,133.5,119,114.5,78,94,102,0
4024,CE,82,0,0,0,0,0,0
4024,XC,84.5,0,0,0,0,0,0
4677,EE,87.5,0,0,0,0,0,0
4680,CE,116.5,0,0,0,0,0,0
4917,CH,118,90,117.5,109,91.5,0,0
4928,CS,121.5,108.5,95.5,82.5,108,0,0
4928,EE,91,80,0,0,0,0,0
4023,EE,120.5,99.5,104,104.5,102.5,0,0
4677,ME,80,0,0,0,0,0,0
4678,EC,141,123,117,88.5,0,0,0
4917,AG,143,106.5,141,91.5,100.5,0,0
4933,CS,108,84.5,0,82,88.5,0,0
4938,ME,89.5,0,0,0,0,0,0
4943,CE,95.75,0,0,0,0,0,0
3918,ME,87.5,83,0,81.5,80.5,0,0
4023,CE,127,92,113,0,111,0,0
4675,EC,102,80,0,87,83,0,0
4686,CS,86.75,0,0,0,0,0,0
4864,EE,100,93.5,0,83,0,0,0
4917,CE,102,83,84,83.5,0,0,0
4929,EC,87.5,0,0,0,0,0,0
4934,EC,104.5,99,0,96,102,0,0
4941,EC,86,0,0,0,0,0,0
4669,CS,112,87.5,0,83.5,80,97,0
4670,CS,127.5,107.5,106,91.5,80,0,0
4675,CS,101.5,82,0,78,81,0,0
4678,ME,105.5,80,0,91.5,0,0,0
4680,EC,148,101.5,0,101,113.5,0,0
4928,ME,107,90.5,0,88,0,0,0
4938,CE,92,0,0,0,0,0,0
4943,AE,93,93,0,87,83.5,90.5,0
4944,EC,123,100,115,91.5,87,0,0
4949,EC,86,0,0,0,0,0,0
4949,MC,92,84.5,0,0,85.5,0,0
4952,IT,92.5,81,0,0,0,0,0
4957,IT,115,80,0,84.5,80,110.5,0
4959,PL,84,0,0,0,0,0,0
4962,EC,156,137,109.5,105.5,91,0,0
4967,EC,84.5,0,0,0,0,0,0
4971,CS,153,138,134.5,120.5,89.5,0,0
4971,EC,133.5,119,106.5,95.5,101.5,0,0
4976,EE,103,0,0,0,0,0,0
4978,CS,80,121.5,0,0,115,89.5,0
4982,EE,86.5,0,0,0,0,0,0
4984,CS,93.5,81,0,0,0,0,0
4984,EE,101,0,0,0,0,0,0
4989,IT,105,82,0,87,80,0,0
4992,AU,77.5,0,0,0,0,0,0
4993,EC,80,0,0,0,0,0,0
5533,CE,91,80,0,0,82.5,0,0
5533,EC,83.5,0,0,0,0,0,0
5901,CE,167.5,161,152,150,131.5,122,0
5914,EE,84.5,0,0,0,0,0,0
5921,CS,115.5,85.5,108,112,85,0,0
5922,CS,88,0,0,0,0,0,0
5924,IT,80,0,0,0,0,0,0
5930,CE,81.5,0,0,0,0,0,0
5935,CS,102,80,82,0,81.5,0,0
5986,EC,167,160.5,130.5,135.5,98.5,0,0
5986,EE,144.5,131,108,82.5,100.5,121,0
5988,CE,84,0,0,0,0,0,0
5988,EC,81.5,0,0,0,0,0,0
5990,EC,86.5,0,0,0,0,0,0
4949,IN,80.5,0,0,0,0,0,0
4952,CE,90,0,0,0,0,0,0
4957,CS,117.5,90,0,116,87.5,109.5,0
4962,CS,158.5,141.5,146,119.5,87,121.5,0
4965,EC,115.5,100,0,80,83,0,0
4966,CE,86,0,0,0,0,0,0
4967,ME,81,0,0,0,0,0,0
4973,CS,82.5,0,0,0,0,0,0
4976,EC,124.5,0,0,0,0,0,0
4979,CE,119,0,0,0,0,0,0
4981,EE,121,104.5,0,102.5,0,0,0
4983,AE,85,0,0,0,0,0,0
4983,CE,83,0,0,0,0,0,0
4989,AU,85,0,0,0,0,0,0
4989,CS,105,80,97,90.5,92,0,0
4993,CS,113,81,0,84,84,100.5,0
4999,EE,96.5,0,0,0,0,0,0
5009,EC,146,126.5,111,126.5,81,89,0
5017,EE,95.5,0,0,0,0,0,0
5022,CE,86,0,0,0,0,0,0
5502,EE,79,0,0,0,0,0,0
5530,ME,82,80,0,0,0,0,0
5832,CS,129,116.5,123,91.5,87,0,0
5832,EC,99.5,80,91.25,83,86,0,0
5865,CE,81,0,0,0,0,0,0
5902,CS,87,80,0,86,82.5,0,0
5902,EC,93.5,0,0,0,0,0,0
5904,CS,148,135.5,136,110.5,96,101,0
5907,IT,93.5,85.5,0,0,0,0,0
5921,EE,82,0,0,0,0,0,0
5942,CE,86.5,0,0,0,0,0,0
5988,EE,86.5,0,0,0,0,0,0
4948,EC,91,0,0,0,0,0,0
4959,CE,85.5,0,0,0,0,0,0
4962,CE,117,91.5,95.5,80,102.5,0,0
4964,AE,101,80,0,86,84,98.5,0
4964,EI,82,0,0,0,0,0,0
4964,MU,95.5,80,0,87,80,88,0
4969,EC,108.5,90.5,87.5,98,79.5,0,0
4977,ME,83.5,0,0,0,0,0,0
4978,AE,92.5,90.5,0,0,82.5,0,0
4980,CE,88,0,0,0,0,0,0
4983,CS,96,0,0,0,0,0,0
4999,CE,80,0,0,0,0,0,0
5022,ME,92.5,87,81.5,0,89,0,0
5502,CE,94,0,0,0,0,0,0
5530,EC,121,98,102.5,86.5,80,0,0
5703,IT,101.5,89.5,0,80,82,0,0
5703,ME,82,0,0,0,0,0,0
5907,EE,93,89,0,0,0,0,0
5913,CS,88,80,0,0,80,84,0
5921,CE,90,0,0,0,0,0,0
5922,ME,100,0,0,0,0,0,0
5924,EE,85.5,0,0,0,0,0,0
4967,CS,87,0,0,0,0,0,0
4972,EE,117,103.5,0,0,0,0,0
4975,EE,90.5,0,0,0,0,0,0
4977,CS,93.5,0,0,0,0,0,0
4981,ME,120.5,115,112,97,107.5,0,0
4992,EC,95.5,81,0,0,0,0,0
5012,CC,190.5,187.5,189,185.5,175,162.5,0
5533,ME,82,0,0,0,80,0,0
5832,CE,80,0,0,0,0,0,0
5842,IT,97.5,0,0,0,0,0,0
5862,BM,102,91,0,0,86,0,0
5919,BT,87,80,0,0,80.5,0,0
5919,EE,80,0,0,0,0,0,0
5990,CS,94.5,82,0,87,79.75,0,0
5990,EE,80,0,0,0,0,0,0
4944,CS,125.5,93.5,112,81,87,0,0
4948,CE,93,0,0,0,0,0,0
4955,CS,144.5,131.5,127,105.5,116,80.5,0
4955,IT,134,126,129,87,111,0,0
4959,CS,135,117,90,80,83.5,0,0
4959,EC,114,85,96.5,101.5,0,0,0
4959,EE,91,0,0,0,0,0,0
4959,MC,96.5,90,0,0,0,0,0
4961,CS,81.5,0,81,0,0,0,0
4964,CS,91.5,80,0,81,83.5,86,0
4965,BM,112.5,81,85,80.5,79,86,0
4968,CS,81.5,0,0,0,0,0,0
4972,CS,134,103.5,105.5,131.5,0,0,110.5
4976,CS,88,0,0,0,0,0,0
4983,ME,81,0,0,0,0,0,0
4984,IT,79,0,0,0,0,0,0
4995,EC,109,0,0,0,0,0,0
5010,CS,160.5,149.5,137.5,149.5,116,0,123
5022,XC,106,0,0,0,0,0,0
5502,EC,81,0,0,0,0,0,0
5530,CS,134.5,123.5,119.5,98,103.5,0,0
5536,CS,103.5,80,80,80,88,0,0
5862,AU,80,0,0,0,0,0,0
5865,CS,120,83.5,87.5,89,109.5,0,0
5903,CE,82,0,0,0,0,0,0
5907,CH,112,0,0,110,0,0,0
5910,CS,159,151,125.5,120,80,90.5,0
5910,IT,146,139.5,112.5,101,127,0,0
5912,CE,99.5,80,0,89.5,93.5,0,0
5924,CS,87.5,0,0,0,0,0,0
5930,CS,110.5,87,0,80.5,88.5,84.5,0
5930,EC,91.5,84,0,0,80.5,82,0
5942,ME,80,0,0,0,0,0,0
5986,IT,165.5,160.5,128,125,82,0,0
4943,EE,92,0,0,0,0,0,0
4949,EE,83.5,0,0,0,0,0,0
4960,CE,151.5,136,144.5,116.5,91,0,0
4961,EE,102,0,0,0,0,0,0
4968,ME,80.5,0,0,0,0,0,0
4970,EE,89,0,0,0,0,0,0
4971,IT,132.5,117.5,117,96.5,107,0,0
4974,CE,165.5,155,153,143,129.5,126,111
4974,ME,161,148.5,153.5,139.5,123,91.5,111.5
4981,CE,109.5,94,0,0,0,0,0
4981,IT,123,116.5,0,113,0,0,0
4996,ME,85.5,0,0,0,0,0,0
5010,ME,132,108,108.5,96,94,0,0
5017,EC,107.5,0,0,0,0,0,0
5017,XM,83,0,0,0,0,0,0
5502,CS,95.5,95,0,0,80,0,0
5703,CS,94.5,83.5,93,0,0,84,0
5703,EE,79.5,0,0,0,0,0,0
5851,CS,88,0,0,0,0,0,0
5907,AE,92,0,0,0,0,0,0
5912,CS,109,83,0,93,88,0,0
5913,EE,80,0,0,0,0,0,0
5930,ME,78.5,0,0,0,0,0,0
5935,AU,85,0,0,0,0,0,0
5935,EC,80,0,0,0,0,0,0
5935,ME,86,80,0,0,0,0,0
5986,ME,130.5,101.5,123,87.5,90.5,0,0
4946,CS,102.5,80.5,0,91,86,0,0
4943,ME,81,0,0,0,0,0,0
4948,FT,84.5,0,0,0,0,0,0
4952,ME,81.5,0,0,0,0,0,0
4959,ME,82,0,0,0,0,0,0
4960,ME,149,136.5,135.5,125.5,80,0,0
4964,MR,123,117.5,0,113,0,0,0
4965,EE,114,96.5,85,84,89,0,0
4965,ME,98.5,84.5,0,81.5,83,0,0
4973,ME,83,0,0,0,0,0,0
4974,EC,175.5,168,149.5,150,148.5,96.5,136
4979,EC,87.5,0,0,0,0,0,0
4992,CS,113.5,98.5,0,0,80,0,0
4993,CE,80,0,0,0,0,0,0
4999,CS,80,0,0,0,0,0,0
5009,EE,123,112,106.5,108,89.5,102,0
5533,EE,83.5,0,0,0,0,0,0
5907,ME,80.5,0,78,96,0,0,0
5921,ME,86.5,83.5,0,0,83.5,0,0
5942,CS,87.5,0,0,82.5,80,0,0
5988,CS,96,82,85,81.5,83.5,92.5,0
4946,EE,88,0,0,0,0,0,0
4954,CS,125,114,97,80,0,0,0
4954,EC,111,80,0,103.5,95,0,0
4954,IT,115.5,103,0,80,0,0,0
4962,EE,136.5,126,132,81,92,0,0
4966,EC,80,0,0,0,0,0,0
4969,CE,81.5,92,0,0,0,0,0
4972,EC,128,96.5,0,112.5,0,0,0
4975,EC,80,0,0,0,0,0,0
4975,ME,83,0,0,0,0,0,0
4984,EC,87,0,0,0,0,0,0
5008,EE,187.5,186,181.5,180.5,165.5,138.5,0
5008,ME,185,183.5,180.25,175,155.5,137.5,0
5009,CS,149.25,141.5,128,137,116.5,103.5,0
5022,EC,116,82,91.5,94.5,98.5,0,0
5532,ME,105.5,81,85.5,80.5,96,0,0
5862,CS,93.5,90,0,83,80,80.5,0
5865,EE,105.5,0,0,0,0,0,0
5865,ME,83.5,0,0,0,0,0,0
5901,CS,182.5,180,181.5,173,151.5,143,120.5
5904,AU,83.5,0,0,0,0,0,0
5904,IT,132,121,112.5,82.5,115,0,0
5904,ME,101.5,82.5,0,83,81,0,0
5911,CS,82.5,0,82,0,91,0,0
5913,CE,83,0,0,0,0,0,0
5913,ME,84,0,0,0,0,0,0
5919,CH,98.5,0,0,0,0,0,0
5935,CE,96,0,0,0,0,0,0
5990,ME,79.5,0,0,0,0,0,0
4949,MU,80.5,0,0,0,0,0,0
4952,EC,81,0,0,0,0,0,0
4953,EE,102,83.5,0,91.5,78.5,90.5,0
4953,ME,91.5,77.5,0,80,82.5,0,0
4959,BT,84,0,0,0,0,0,0
4959,IT,116,100,0,0,0,85.5,0
4961,EC,91,0,0,0,0,0,0
4964,CE,80.5,0,0,0,0,0,0
4970,CE,83.5,0,0,0,0,0,0
4970,EC,83.5,0,0,0,0,0,0
4974,CS,178.5,176,157.5,163,155.5,102,0
4976,ME,97.5,0,0,0,0,0,0
4977,CE,98.5,0,0,0,0,0,0
4979,IT,87,0,0,0,0,0,0
4980,CS,120.5,88,100,93,88,80,0
4980,EC,84,0,0,0,0,0,0
4983,EE,82,0,0,0,0,0,0
4992,CE,86,0,0,0,0,0,0
4993,ME,89.5,83,81.5,0,84,0,0
5008,EC,190,188.5,185.5,182.5,169.5,140.5,0
5009,ME,120.5,108.5,124.5,107.5,97,94,0
5530,AU,80,0,0,0,0,0,0
5530,CE,80,0,0,0,0,0,0
5842,CS,79.5,0,0,0,0,0,0
5851,EE,80,0,0,0,0,0,0
5901,ME,167.5,159.5,156,152,127.5,111,134.25
5902,EE,82,0,0,0,0,0,0
5904,EI,91,79.5,0,89.5,0,0,0
5907,CE,88,0,0,0,0,0,0
5910,EC,151,139,117,89,98.5,82.5,0
5911,ME,89.5,0,0,0,0,0,0
5914,ME,87.5,0,0,0,0,0,0
5986,CS,176,169,147,151,86.5,125,0
4948,CS,79.5,0,0,0,0,0,0
4952,CS,95.5,84,0,0,87.5,84.5,0
4955,EC,134,115,118.5,85.5,98.5,93,0
4967,CE,108,0,0,0,0,0,0
4969,EE,99,91,0,0,83.5,0,0
4970,CS,100.5,91.5,99.5,84,87,85,0
4972,ME,124,107,0,116.5,94.5,0,0
4981,EC,130.5,123,86,93.5,0,0,0
4984,CE,81,0,0,0,0,0,0
4989,ME,79.5,0,0,0,86.5,0,0
4993,IT,98,80.5,0,83.5,80,0,0
4999,ME,82,0,0,0,89,0,0
5008,CS,190.5,189.5,186.5,185,165,153,144.5
5530,EE,98.5,84.5,98,90.5,80,0,0
5532,EC,129,97.5,103,93,86,0,0
5536,EE,105,81,0,86.5,85.5,0,0
5902,ME,81,0,0,0,0,0,0
5903,CS,121,102.5,0,89,0,0,0
5903,EC,83,0,0,0,0,0,0
5904,EC,133,121.5,102,83.5,129,0,0
5911,EC,123.5,0,0,0,0,0,0
5913,PC,83.5,0,0,0,0,0,0
5914,CE,81.5,0,0,0,0,0,0
5919,EC,86.5,0,0,0,0,0,0
5988,ME,80,0,0,0,0,0,0
4946,EC,80.5,80,0,0,80.5,78.5,0
4954,ME,80.5,0,0,0,0,0,0
4949,ME,82,0,0,0,0,0,0
4954,CE,103.5,0,0,0,0,0,0
4955,CE,95,80,91.5,81.5,84.5,85,0
4954,EE,93,0,0,0,0,0,0
4961,CE,83,0,0,0,0,0,0
4969,ME,93,80,87.5,80.5,80.5,0,0
4981,CS,134.5,124.5,99,80,88,0,0
4982,ME,80.5,0,0,0,0,0,0
4989,CE,81,0,0,0,87,0,0
4989,EC,89,84,0,0,85.5,83.5,0
4992,EE,77.5,0,0,0,0,0,0
4993,EE,82,0,0,0,0,0,0
4994,EE,105,92,0,0,84,82.5,0
4994,ME,97,82,79.5,90.5,80,0,0
5008,CE,183,179.25,181,174.5,168.5,147,111.5
5009,CE,116.5,91,116,102,94,0,0
5010,EC,154.5,144,113,123,106.5,136.25,81.5
5017,ME,101.5,0,0,0,0,0,0
5533,CS,116.5,85,0,103.5,92.5,0,0
5703,EC,83,0,80.5,0,80.5,0,0
5842,CE,83,0,0,0,0,0,0
5901,EC,181.5,178.5,172.75,172.5,154.5,123.5,143.5
5904,EE,86.5,80,0,0,0,0,0
5907,MR,127.5,110.5,0,0,126,0,0
5910,BM,154,136.5,148,117.5,115.5,147,0
5915,CE,80,0,0,0,0,0,0
5942,EC,81,0,0,0,0,0,0
5990,CE,80.5,0,0,0,0,0,0
4959,EI,120,0,0,0,0,0,0
4960,BT,166,158,157.5,127.5,99.5,0,0
4960,CS,174.5,169.5,157,155,115.5,125.5,0
4962,IT,149,137,143,99,99.5,0,0
4962,ME,123,99,84,84,94.5,0,0
4965,BT,145.5,121.5,0,109.5,116,0,0
4965,CE,94,79,0,87,80,0,0
4966,ME,82.5,0,0,0,0,0,0
4966,EE,80,0,0,0,0,0,0
4971,CE,116,111.5,92.5,99,0,0,0
4971,EE,139,115,129.5,90,84.5,0,0
4978,BM,111,100.5,0,0,93.5,88,0
4978,BT,85,0,0,0,80,0,0
4978,ME,81.5,0,0,0,0,0,0
4982,CS,85,0,0,0,0,0,0
4989,MU,80,0,0,0,0,0,0
4994,CS,113.5,85,80,103,80,79,0
4996,CS,117.5,88,0,84,87,0,0
4996,EC,90.5,0,0,0,0,0,0
5008,CM,189,188,180.5,180.5,156,131.5,131
5010,CE,124.5,90,101,88.5,91,85,0
5532,CE,91,87.5,0,0,80.5,0,0
5536,ME,91.5,80,82,80,80,0,0
5720,ME,88.5,0,0,0,0,0,0
5851,EC,130,0,0,0,0,0,0
5862,AG,103,96,0,100,89.5,126.5,0
5862,CE,84.5,0,0,0,0,0,0
5862,ME,84,0,0,0,0,0,0
5865,EC,120.5,80,81,80,0,0,0
5903,IT,95.5,81.5,0,85,0,0,0
5907,EC,95,81,0,0,0,0,0
5915,EE,79.5,0,0,0,0,0,0
5919,ME,91,0,0,0,0,0,0
4945,CS,81,0,0,0,0,0,0
4952,EE,80,0,0,0,0,0,0
4946,CE,80,0,0,0,0,0,0
4949,CE,81.5,0,0,0,0,0,0
4953,CE,93,0,0,0,0,0,0
4955,EE,115,88.5,114.5,83,96,0,0
4957,EC,98.5,80,0,0,87,0,0
4964,EC,86,0,0,0,78,80,0
4968,EE,85,0,0,0,0,0,0
4973,AE,100,0,0,0,0,0,0
4978,EE,86.5,0,0,0,0,0,0
4979,CS,103.5,95.5,94.5,0,0,0,0
4979,EE,124.5,0,0,0,0,0,0
4980,EE,88.5,0,0,0,0,0,0
4980,ME,91,81,0,87,80.5,0,0
4982,EC,90,0,0,0,0,0,0
4992,IT,127.5,105.5,0,82,0,0,0
4996,CE,101.5,86,0,92,83,0,0
4996,EE,87,0,0,0,0,0,0
5008,EY,184.5,184,179.5,176.25,143,122,0
5008,IM,187,185.5,181.5,177.5,143.75,108,128
5008,MG,181,178,173.5,168,135.5,130,0
5017,CE,81.5,0,0,0,0,0,0
5022,EE,81.5,0,0,0,0,0,0
5532,EE,102.75,95.5,0,86.5,0,0,0
5907,CS,125,85,122.5,97,0,0,0
5910,EE,133.5,122.5,109.5,86.5,0,0,0
5912,EE,91.5,0,0,0,0,0,0
5915,ME,81,80,0,0,0,0,0
5919,CS,96.5,0,0,0,0,0,0
5921,EC,82,0,0,0,0,0,0
5935,EE,89,0,0,0,0,0,0
5942,IT,113,0,0,0,0,0,0
4953,IT,94,85,0,0,85,0,0
4960,EC,175,167,148.5,149,111,0,0
4960,IT,168.5,164,162.5,144,98.25,0,0
4960,EE,162,154,143.5,134.5,103,106.5,0
4970,ME,82.5,0,0,0,0,0,0
4971,ME,136.5,116.5,118.5,97.5,0,0,0
4975,CS,116.5,80,0,106,86.5,0,0
4976,AE,86,0,0,0,0,0,0
4976,CE,84.5,0,0,0,0,0,0
4981,AU,118,97.5,0,85.5,0,0,0
4994,EC,103.5,80,0,97,82.5,92,0
5022,CS,130,110.5,97.5,113,89,92.5,0
5842,ME,92,0,0,0,0,0,0
5913,TX,82.5,0,0,0,0,0,0
5924,ME,80.5,0,0,0,0,0,0
5942,EE,98.5,0,0,0,0,0,0
4944,CE,99,79,94,0,80,0,0
4945,EC,96,0,0,0,0,0,0
4949,CS,90.5,83,0,90.5,80,0,0
4953,CS,109.5,83,0,100,89.5,0,0
4957,ME,98,83.5,0,80.5,82.5,91,0
4965,CS,122.5,107.5,90,92.5,94.5,100,0
4966,CS,109,84.5,107.5,80,83.5,0,0
4968,EC,80,0,0,0,0,0,0
4972,CE,84,82,0,0,0,0,0
4974,EE,168,165,155.5,142.5,141.5,109.5,0
4983,RM,108.5,0,0,0,0,0,0
4995,CS,80,0,0,0,0,0,0
4999,EC,80,0,0,0,0,0,0
5017,XC,90,0,0,0,0,0,0
5536,CE,83.5,0,0,0,0,0,0
5720,CS,81.5,0,0,0,0,0,0
5862,AE,83.5,0,0,0,81.5,0,0
5901,EE,173.5,168.5,161.5,161.5,138.5,114,131
5902,CE,95,0,0,0,0,0,0
5912,ME,84.5,79.5,0,83.5,80,0,0
5913,EC,93,0,0,0,0,0,0
5914,CS,103.5,80,100,82,84,0,0
5914,EC,80,0,0,0,0,0,0
5915,CS,107,84,0,91,91,81.5,0
5915,EC,80,0,0,0,0,0,0
5922,CE,85.5,0,0,0,0,0,0
5986,CE,145,123,102.5,111.5,0,0,0
4944,EE,130.5,113.5,0,83,0,0,0
4946,ME,91.5,85.5,0,80,0,0,0
4953,EC,115,81,89,88,0,0,0
4955,ME,120,97,119.5,89,108.5,83,0
4961,ME,82.5,0,0,0,0,0,0
4964,EE,98.5,85,0,80,83,107,0
4964,ME,94,85.5,82.5,81.5,79,0,0
4968,CE,84.5,0,0,0,0,0,0
4969,CS,107,79.5,103,82,80,94.5,0
4973,EI,110.5,0,0,0,0,0,0
4975,CE,96.5,0,0,0,0,0,0
4977,EE,111.5,0,0,0,0,0,0
4984,ME,86,0,0,0,0,0,0
4992,ME,83,80.5,0,0,83,0,0
4994,CE,92,80,87.5,84.5,80,0,0
5008,CN,177.5,175,163,162,138.5,108.5,93.5
5008,EM,178.33,185.5,181,178.5,153,104,0
5008,MF,181.5,179,180,170,143,0,0
5017,CS,110,81,95.5,90.5,102,0,0
5502,ME,87.5,82,0,0,82,0,0
5532,CS,121.5,85.5,117,90.5,83.5,0,0
5536,EC,109,80,91.5,92.5,82,91,0
5720,EE,83.5,0,0,0,0,0,0
5832,EE,91.5,86,0,0,88.5,0,0
5832,ME,90.5,81.5,0,83,0,0,0
5910,CE,103.5,88.5,88,97,83,0,0
5910,ME,122,98,95,89,85,0,0
5912,EC,102,83,0,0,90.5,0,0
5922,EC,123,0,0,0,0,0,0
5930,EE,86,82.5,0,0,79.5,84.5,0
